-- create database storefront3;
-- drop database storefront3;
use storefront3;

--  Collection
insert into store_collection (id, title) values (1, 'Sports');
insert into store_collection (id, title) values (2, 'Automotive');
insert into store_collection (id, title) values (3, 'Garden');
insert into store_collection (id, title) values (4, 'Clothing');
insert into store_collection (id, title) values (5, 'Music');
insert into store_collection (id, title) values (6, 'Toys');
insert into store_collection (id, title) values (7, 'Games');
insert into store_collection (id, title) values (8, 'Sports');
insert into store_collection (id, title) values (9, 'Books');
insert into store_collection (id, title) values (10, 'Toys');

-- Promotion
insert into store_promotion (id, description, discount) values (1, 'primis in faucibus orci luctus et ultrices posuere cubilia curae mauris viverra diam vitae quam suspendisse potenti nullam', 1);
insert into store_promotion (id, description, discount) values (2, 'ac tellus semper interdum mauris ullamcorper purus sit amet nulla quisque arcu libero rutrum ac lobortis', 7);
insert into store_promotion (id, description, discount) values (3, 'potenti nullam porttitor lacus at turpis donec posuere metus vitae ipsum aliquam non mauris morbi non lectus aliquam sit amet', 1);
insert into store_promotion (id, description, discount) values (4, 'lacinia sapien quis libero nullam sit amet turpis elementum ligula vehicula consequat morbi a ipsum', 5);
insert into store_promotion (id, description, discount) values (5, 'metus aenean fermentum donec ut mauris eget massa tempor convallis nulla neque libero convallis eget', 5);


--  Product
insert into store_product (id, title, slug, description, unit_price, inventory, last_update, collection_id) values (1, 'Wine - White, Mosel Gold', 'WC1vyD', 'drive extensible technologies', 957, 23, '2022-03-18', 10);
insert into store_product (id, title, slug, description, unit_price, inventory, last_update, collection_id) values (2, 'Appetizer - Asian Shrimp Roll', 'zVrapdjdwi4', 'innovate one-to-one eyeballs', 263, 13, '2022-09-07', 3);
insert into store_product (id, title, slug, description, unit_price, inventory, last_update, collection_id) values (3, 'Sauce - Soya, Light', 'TnHAmt8tq16H', 'visualize extensible partnerships', 736, 10, '2022-01-04', 4);
insert into store_product (id, title, slug, description, unit_price, inventory, last_update, collection_id) values (4, 'Bar Mix - Pina Colada, 355 Ml', 'Dw67lPjZ0E3', 'engineer interactive deliverables', 935, 25, '2022-05-29', 4);
insert into store_product (id, title, slug, description, unit_price, inventory, last_update, collection_id) values (5, 'Fork - Plastic', 'wp1eSp', 'syndicate vertical content', 558, 38, '2022-05-01', 8);
insert into store_product (id, title, slug, description, unit_price, inventory, last_update, collection_id) values (6, 'Magnotta Bel Paese Red', 'KNtkQCo9hy', 'strategize efficient infrastructures', 624, 20, '2022-08-26', 9);
insert into store_product (id, title, slug, description, unit_price, inventory, last_update, collection_id) values (7, 'Truffle Cups - White Paper', 'FTxDOwJZGl4', 'scale dynamic infrastructures', 215, 37, '2022-11-04', 5);
insert into store_product (id, title, slug, description, unit_price, inventory, last_update, collection_id) values (8, 'Pork - Suckling Pig', '0Hm9HiXsFr', 'innovate out-of-the-box channels', 776, 27, '2022-04-05', 2);
insert into store_product (id, title, slug, description, unit_price, inventory, last_update, collection_id) values (9, 'Pop Shoppe Cream Soda', 'QRjJkJ5eVa5', 'innovate wireless web services', 870, 34, '2022-10-04', 6);
insert into store_product (id, title, slug, description, unit_price, inventory, last_update, collection_id) values (10, 'Tarts Assorted', 'QZZDTm', 'evolve bleeding-edge networks', 957, 42, '2021-11-24', 1);
insert into store_product (id, title, slug, description, unit_price, inventory, last_update, collection_id) values (11, 'Flour - Strong', 'bKbH7LEAf', 'orchestrate frictionless web services', 605, 11, '2022-06-28', 9);
insert into store_product (id, title, slug, description, unit_price, inventory, last_update, collection_id) values (12, 'Jagermeister', 'piCGDFYo84', 'streamline 24/365 e-commerce', 162, 31, '2022-09-16', 8);
insert into store_product (id, title, slug, description, unit_price, inventory, last_update, collection_id) values (13, 'Glove - Cutting', 'I80TCFDILSz', 'deliver open-source portals', 186, 47, '2022-02-01', 4);
insert into store_product (id, title, slug, description, unit_price, inventory, last_update, collection_id) values (14, 'Cheese Cloth No 100', 'Jc7sFEWwvMCM', 'streamline viral convergence', 256, 10, '2022-09-01', 9);
insert into store_product (id, title, slug, description, unit_price, inventory, last_update, collection_id) values (15, 'Cheese - La Sauvagine', '1uIqyER67iR', 'incubate cutting-edge niches', 436, 29, '2022-08-31', 7);
insert into store_product (id, title, slug, description, unit_price, inventory, last_update, collection_id) values (16, 'Pineapple - Golden', 'SkdrJmR', 'incubate 24/365 architectures', 605, 28, '2021-12-29', 5);
insert into store_product (id, title, slug, description, unit_price, inventory, last_update, collection_id) values (17, 'Petite Baguette', 'aFSoUls', 'implement efficient e-commerce', 499, 46, '2022-07-26', 1);
insert into store_product (id, title, slug, description, unit_price, inventory, last_update, collection_id) values (18, 'Sage - Fresh', 'dMdUwg6UGA', 'incubate leading-edge markets', 106, 48, '2021-12-21', 8);
insert into store_product (id, title, slug, description, unit_price, inventory, last_update, collection_id) values (19, 'Pineapple - Regular', 'AkL0dutdN', 'generate leading-edge schemas', 626, 35, '2022-04-27', 8);
insert into store_product (id, title, slug, description, unit_price, inventory, last_update, collection_id) values (20, 'Flour - Strong', 'YVFNbr', 'drive granular convergence', 606, 39, '2022-03-04', 6);
insert into store_product (id, title, slug, description, unit_price, inventory, last_update, collection_id) values (21, 'Bread - 10 Grain', '75SOCwjd', 'harness leading-edge e-services', 136, 43, '2022-08-24', 7);
insert into store_product (id, title, slug, description, unit_price, inventory, last_update, collection_id) values (22, 'Wine - Red, Cabernet Sauvignon', 'WOs02sr9', 'unleash cross-media users', 758, 26, '2022-06-16', 4);
insert into store_product (id, title, slug, description, unit_price, inventory, last_update, collection_id) values (23, 'Cheese - Cambozola', 'K7MAQhcR', 'facilitate intuitive e-services', 676, 49, '2022-06-15', 5);
insert into store_product (id, title, slug, description, unit_price, inventory, last_update, collection_id) values (24, 'Oysters - Smoked', 'jSL1paFu0JL', 'deliver wireless supply-chains', 714, 25, '2021-12-30', 6);
insert into store_product (id, title, slug, description, unit_price, inventory, last_update, collection_id) values (25, 'Pants Custom Dry Clean', 'QJHurPOrs0wf', 'deploy out-of-the-box initiatives', 158, 10, '2022-09-24', 5);
insert into store_product (id, title, slug, description, unit_price, inventory, last_update, collection_id) values (26, 'Potatoes - Idaho 100 Count', 'FGBGsAfhwa0', 'facilitate web-enabled interfaces', 971, 20, '2022-09-14', 7);
insert into store_product (id, title, slug, description, unit_price, inventory, last_update, collection_id) values (27, 'Container - Foam Dixie 12 Oz', 'wNJAOF4OYi9', 'deploy transparent functionalities', 286, 23, '2022-01-06', 10);
insert into store_product (id, title, slug, description, unit_price, inventory, last_update, collection_id) values (28, 'Ecolab - Balanced Fusion', '51SXmUxNnB', 'repurpose e-business channels', 51, 18, '2022-08-26', 2);
insert into store_product (id, title, slug, description, unit_price, inventory, last_update, collection_id) values (29, 'Island Oasis - Raspberry', 'x1BPYU', 'whiteboard clicks-and-mortar functionalities', 860, 47, '2022-06-30', 5);
insert into store_product (id, title, slug, description, unit_price, inventory, last_update, collection_id) values (30, 'Onions - Red', 'u8SccNo', 'utilize back-end relationships', 355, 17, '2021-12-11', 9);
insert into store_product (id, title, slug, description, unit_price, inventory, last_update, collection_id) values (31, 'Bread Base - Toscano', '746j3F', 'target holistic e-commerce', 673, 35, '2021-11-10', 10);
insert into store_product (id, title, slug, description, unit_price, inventory, last_update, collection_id) values (32, 'Appetizer - Escargot Puff', 'JceVIQNk', 'disintermediate value-added systems', 329, 37, '2022-08-30', 4);
insert into store_product (id, title, slug, description, unit_price, inventory, last_update, collection_id) values (33, 'Spice - Montreal Steak Spice', 'wdeE6ytF', 'visualize value-added e-tailers', 383, 23, '2022-08-04', 7);
insert into store_product (id, title, slug, description, unit_price, inventory, last_update, collection_id) values (34, 'Juice - Lagoon Mango', 'os1NCWvlt', 'whiteboard e-business supply-chains', 716, 16, '2021-11-14', 8);
insert into store_product (id, title, slug, description, unit_price, inventory, last_update, collection_id) values (35, 'Jam - Marmalade, Orange', 'f7VbScJg', 'streamline out-of-the-box users', 169, 44, '2022-10-03', 9);
insert into store_product (id, title, slug, description, unit_price, inventory, last_update, collection_id) values (36, 'Lamb - Leg, Diced', 'tUURWZVX', 'benchmark e-business infrastructures', 309, 13, '2022-07-18', 9);
insert into store_product (id, title, slug, description, unit_price, inventory, last_update, collection_id) values (37, 'Island Oasis - Peach Daiquiri', '8KThpQ', 'exploit vertical supply-chains', 131, 46, '2022-10-30', 1);
insert into store_product (id, title, slug, description, unit_price, inventory, last_update, collection_id) values (38, 'Juice - Tomato, 48 Oz', 'NWG44hCH', 'engage seamless partnerships', 17, 45, '2022-04-27', 10);
insert into store_product (id, title, slug, description, unit_price, inventory, last_update, collection_id) values (39, 'Pastry - Apple Large', 'MiRPFacYY4', 'architect 24/365 applications', 51, 43, '2021-12-15', 1);
insert into store_product (id, title, slug, description, unit_price, inventory, last_update, collection_id) values (40, 'Compound - Rum', 'XohI3rMpO', 'generate extensible bandwidth', 976, 42, '2022-03-29', 7);
insert into store_product (id, title, slug, description, unit_price, inventory, last_update, collection_id) values (41, 'Miso Paste White', 'VPZby0K', 'extend front-end networks', 556, 47, '2022-05-08', 6);
insert into store_product (id, title, slug, description, unit_price, inventory, last_update, collection_id) values (42, 'Wine - Zinfandel Rosenblum', '0GlQbVbH3MZ', 'transform efficient e-services', 637, 18, '2022-08-31', 3);
insert into store_product (id, title, slug, description, unit_price, inventory, last_update, collection_id) values (43, 'Basil - Seedlings Cookstown', 'cSSmtxj2', 'incentivize magnetic relationships', 742, 24, '2022-06-02', 6);
insert into store_product (id, title, slug, description, unit_price, inventory, last_update, collection_id) values (44, 'Wine - Rhine Riesling Wolf Blass', '18LxuQVGMi44', 'synergize magnetic e-tailers', 791, 27, '2022-08-09', 1);
insert into store_product (id, title, slug, description, unit_price, inventory, last_update, collection_id) values (45, 'Mcgillicuddy Vanilla Schnap', 'RRvwVcRK', 'facilitate end-to-end communities', 874, 46, '2022-01-10', 5);
insert into store_product (id, title, slug, description, unit_price, inventory, last_update, collection_id) values (46, 'Lemon Balm - Fresh', 'ul9eVK3tgKA', 'mesh user-centric web services', 212, 41, '2021-11-21', 8);
insert into store_product (id, title, slug, description, unit_price, inventory, last_update, collection_id) values (47, 'Pastry - Key Limepoppy Seed Tea', 'uMuGfrDz', 'optimize impactful e-markets', 33, 41, '2022-02-25', 2);
insert into store_product (id, title, slug, description, unit_price, inventory, last_update, collection_id) values (48, 'Toothpick Frilled', '6nsOohOMh', 'monetize one-to-one eyeballs', 940, 33, '2022-04-24', 3);
insert into store_product (id, title, slug, description, unit_price, inventory, last_update, collection_id) values (49, 'Tart Shells - Sweet, 4', '4OTTnuW', 'revolutionize e-business users', 455, 25, '2022-04-20', 10);
insert into store_product (id, title, slug, description, unit_price, inventory, last_update, collection_id) values (50, 'Black Currants', 'UVqIm2p4QV', 'aggregate B2C vortals', 806, 28, '2021-11-21', 4);
insert into store_product (id, title, slug, description, unit_price, inventory, last_update, collection_id) values (51, 'Oil - Olive', 'vtRvSbbI8', 'empower global networks', 74, 29, '2022-08-02', 5);
insert into store_product (id, title, slug, description, unit_price, inventory, last_update, collection_id) values (52, 'Filling - Mince Meat', 'aPDCLNn5n', 'scale intuitive methodologies', 219, 46, '2022-10-22', 9);
insert into store_product (id, title, slug, description, unit_price, inventory, last_update, collection_id) values (53, 'Pineapple - Canned, Rings', 'hT4QUT', 'incubate magnetic networks', 36, 39, '2022-07-25', 9);
insert into store_product (id, title, slug, description, unit_price, inventory, last_update, collection_id) values (54, 'Flour - Masa De Harina Mexican', 'n1zzWRTv8n3', 'incentivize open-source platforms', 436, 34, '2022-06-14', 4);
insert into store_product (id, title, slug, description, unit_price, inventory, last_update, collection_id) values (55, 'Graham Cracker Mix', 'uRMecX', 'synergize intuitive bandwidth', 120, 50, '2022-03-23', 7);
insert into store_product (id, title, slug, description, unit_price, inventory, last_update, collection_id) values (56, 'Wine - Alsace Riesling Reserve', 'p30cvfDf9', 'recontextualize user-centric users', 57, 33, '2022-08-13', 1);
insert into store_product (id, title, slug, description, unit_price, inventory, last_update, collection_id) values (57, 'Chick Peas - Canned', 'dTloAwH', 'monetize vertical relationships', 61, 26, '2022-02-21', 1);
insert into store_product (id, title, slug, description, unit_price, inventory, last_update, collection_id) values (58, 'Chicken - Wieners', 'Yo5RgP', 'envisioneer viral systems', 816, 17, '2022-10-08', 2);
insert into store_product (id, title, slug, description, unit_price, inventory, last_update, collection_id) values (59, 'Fruit Salad Deluxe', '9ilxTZVTZb', 'unleash next-generation ROI', 450, 13, '2022-07-11', 9);
insert into store_product (id, title, slug, description, unit_price, inventory, last_update, collection_id) values (60, 'Sugar - Cubes', 'PC1IPtxWRR1', 'visualize global infomediaries', 352, 38, '2022-02-11', 10);
insert into store_product (id, title, slug, description, unit_price, inventory, last_update, collection_id) values (61, 'Bar Mix - Lemon', 'M3uYZ5M8Q4Wa', 'enhance innovative experiences', 975, 39, '2022-10-02', 7);
insert into store_product (id, title, slug, description, unit_price, inventory, last_update, collection_id) values (62, 'Remy Red', 'HnbNKTd1S64', 'deliver distributed platforms', 525, 39, '2021-12-30', 3);
insert into store_product (id, title, slug, description, unit_price, inventory, last_update, collection_id) values (63, 'Quail - Jumbo Boneless', 'qZwT3f', 'unleash revolutionary eyeballs', 491, 21, '2022-07-03', 6);
insert into store_product (id, title, slug, description, unit_price, inventory, last_update, collection_id) values (64, 'Bread - Triangle White', 'A7bYFWkoj', 'embrace cutting-edge solutions', 520, 10, '2022-05-29', 1);
insert into store_product (id, title, slug, description, unit_price, inventory, last_update, collection_id) values (65, 'Coffee Caramel Biscotti', 'xdSTOHPTR4F', 'enable magnetic channels', 631, 11, '2022-01-21', 6);
insert into store_product (id, title, slug, description, unit_price, inventory, last_update, collection_id) values (66, 'Beans - Kidney, Red Dry', '6DVXDgLK', 'extend cross-media channels', 61, 39, '2022-10-11', 5);
insert into store_product (id, title, slug, description, unit_price, inventory, last_update, collection_id) values (67, 'Appetizer - Tarragon Chicken', 'iCXrds', 'repurpose extensible vortals', 576, 42, '2022-09-09', 5);
insert into store_product (id, title, slug, description, unit_price, inventory, last_update, collection_id) values (68, 'Pork - European Side Bacon', 'W77OlPT', 'implement wireless methodologies', 324, 10, '2022-04-01', 8);
insert into store_product (id, title, slug, description, unit_price, inventory, last_update, collection_id) values (69, 'Swordfish Loin Portions', 'uTrUTKO9', 'empower value-added schemas', 337, 32, '2022-03-08', 10);
insert into store_product (id, title, slug, description, unit_price, inventory, last_update, collection_id) values (70, 'Sausage - Chorizo', 'vzNEfptVhy6', 'brand back-end solutions', 519, 43, '2022-02-12', 3);
insert into store_product (id, title, slug, description, unit_price, inventory, last_update, collection_id) values (71, 'Wine - Prosecco Valdobiaddene', 'ogEBZyO', 'target visionary methodologies', 220, 13, '2021-12-22', 6);
insert into store_product (id, title, slug, description, unit_price, inventory, last_update, collection_id) values (72, 'Beef - Top Sirloin', 'CHIz3VNJ6ei', 'mesh next-generation initiatives', 484, 47, '2022-03-14', 9);
insert into store_product (id, title, slug, description, unit_price, inventory, last_update, collection_id) values (73, 'Coke - Diet, 355 Ml', 'ScygTrlb7B', 'optimize leading-edge communities', 124, 33, '2022-02-02', 3);
insert into store_product (id, title, slug, description, unit_price, inventory, last_update, collection_id) values (74, 'External Supplier', 'JDHaTk', 'benchmark compelling metrics', 359, 42, '2021-12-23', 6);
insert into store_product (id, title, slug, description, unit_price, inventory, last_update, collection_id) values (75, 'Ham Black Forest', 'vBoTYsMo', 'transition customized interfaces', 829, 48, '2022-07-03', 10);
insert into store_product (id, title, slug, description, unit_price, inventory, last_update, collection_id) values (76, 'Lettuce - Spring Mix', '5o1CJPo0W', 'grow world-class networks', 714, 20, '2022-06-24', 1);
insert into store_product (id, title, slug, description, unit_price, inventory, last_update, collection_id) values (77, 'Container - Foam Dixie 12 Oz', 'HQIVyx93vR', 'recontextualize dot-com action-items', 744, 30, '2022-10-04', 7);
insert into store_product (id, title, slug, description, unit_price, inventory, last_update, collection_id) values (78, 'Cognac - Courvaisier', '2q3clMrcXsiI', 'repurpose out-of-the-box networks', 277, 27, '2022-05-06', 1);
insert into store_product (id, title, slug, description, unit_price, inventory, last_update, collection_id) values (79, 'Wine - Red, Cabernet Merlot', 'pa3bn1j', 'grow wireless platforms', 727, 33, '2021-11-24', 9);
insert into store_product (id, title, slug, description, unit_price, inventory, last_update, collection_id) values (80, 'Nectarines', 'Dfhp8YMWoq0', 'maximize killer users', 781, 15, '2022-01-09', 6);
insert into store_product (id, title, slug, description, unit_price, inventory, last_update, collection_id) values (81, 'Mushroom - Trumpet, Dry', 'LO3XQGfH', 'recontextualize cutting-edge communities', 474, 41, '2021-11-15', 7);
insert into store_product (id, title, slug, description, unit_price, inventory, last_update, collection_id) values (82, 'Pork Loin Cutlets', 'gdmdP1R', 'matrix dynamic mindshare', 123, 42, '2022-08-15', 8);
insert into store_product (id, title, slug, description, unit_price, inventory, last_update, collection_id) values (83, 'Container - Foam Dixie 12 Oz', 'pnm4safj', 'aggregate cross-media synergies', 845, 39, '2021-12-10', 4);
insert into store_product (id, title, slug, description, unit_price, inventory, last_update, collection_id) values (84, 'Nut - Hazelnut, Whole', 'dQnFAtzc4qE', 'optimize integrated interfaces', 444, 25, '2021-12-24', 7);
insert into store_product (id, title, slug, description, unit_price, inventory, last_update, collection_id) values (85, 'Juice - Lime', 'O4cwkXPWASe', 'engineer frictionless schemas', 167, 47, '2022-07-03', 3);
insert into store_product (id, title, slug, description, unit_price, inventory, last_update, collection_id) values (86, 'Shallots', 'sHshQAajM3', 'empower sticky interfaces', 248, 12, '2021-12-08', 10);
insert into store_product (id, title, slug, description, unit_price, inventory, last_update, collection_id) values (87, 'Pizza Pizza Dough', 'xaH0AY7', 'matrix dot-com e-services', 582, 13, '2022-08-09', 7);
insert into store_product (id, title, slug, description, unit_price, inventory, last_update, collection_id) values (88, 'Soupcontfoam16oz 116con', '5lcgDfNriJ81', 'maximize mission-critical e-markets', 452, 48, '2022-09-28', 3);
insert into store_product (id, title, slug, description, unit_price, inventory, last_update, collection_id) values (89, 'Beets - Golden', 'F21EpwQi2Wba', 'enhance sexy eyeballs', 951, 10, '2022-01-27', 9);
insert into store_product (id, title, slug, description, unit_price, inventory, last_update, collection_id) values (90, 'Ice Cream Bar - Rolo Cone', 'kEVO8cBOq7RI', 'harness mission-critical technologies', 189, 26, '2022-10-29', 3);
insert into store_product (id, title, slug, description, unit_price, inventory, last_update, collection_id) values (91, 'Heavy Duty Dust Pan', '1EsllZV', 'embrace dot-com vortals', 44, 48, '2022-07-25', 4);
insert into store_product (id, title, slug, description, unit_price, inventory, last_update, collection_id) values (92, 'Bread - 10 Grain', 'qE0DOoZ', 'mesh interactive partnerships', 799, 49, '2022-06-02', 8);
insert into store_product (id, title, slug, description, unit_price, inventory, last_update, collection_id) values (93, 'Lychee', 'LBMv8fqU', 'redefine extensible solutions', 132, 18, '2022-04-10', 1);
insert into store_product (id, title, slug, description, unit_price, inventory, last_update, collection_id) values (94, 'Beef - Ground, Extra Lean, Fresh', '4SSHizUD', 'redefine end-to-end mindshare', 392, 30, '2022-04-13', 3);
insert into store_product (id, title, slug, description, unit_price, inventory, last_update, collection_id) values (95, 'Broom Handle', 'q0IItT', 'whiteboard plug-and-play communities', 963, 39, '2022-05-04', 8);
insert into store_product (id, title, slug, description, unit_price, inventory, last_update, collection_id) values (96, 'Food Colouring - Green', 't7H4cMavl', 'maximize user-centric bandwidth', 945, 21, '2022-06-11', 8);
insert into store_product (id, title, slug, description, unit_price, inventory, last_update, collection_id) values (97, 'Kirsch - Schloss', 'HeG3cVYcr85F', 'evolve end-to-end convergence', 16, 24, '2021-12-17', 6);
insert into store_product (id, title, slug, description, unit_price, inventory, last_update, collection_id) values (98, 'Cookies - Assorted', '7wq2rOH4KM7K', 'exploit rich partnerships', 706, 25, '2022-10-31', 8);
insert into store_product (id, title, slug, description, unit_price, inventory, last_update, collection_id) values (99, 'Pumpkin - Seed', '18uil1c3yHg', 'brand web-enabled solutions', 395, 13, '2022-11-08', 7);
insert into store_product (id, title, slug, description, unit_price, inventory, last_update, collection_id) values (100, 'Beef - Chuck, Boneless', 'M0e4iZrO', 'incubate efficient networks', 86, 22, '2022-03-16', 10);
insert into store_product (id, title, slug, description, unit_price, inventory, last_update, collection_id) values (101, 'Muffin Mix - Blueberry', 'qHt0bmR7B', 'enhance ubiquitous metrics', 869, 33, '2022-10-28', 4);
insert into store_product (id, title, slug, description, unit_price, inventory, last_update, collection_id) values (102, 'Veal - Slab Bacon', 'nm96qYoT', 'deliver scalable architectures', 320, 45, '2022-10-14', 5);
insert into store_product (id, title, slug, description, unit_price, inventory, last_update, collection_id) values (103, 'Ranchero - Primerba, Paste', 'VqB6DvvWI', 'leverage cutting-edge architectures', 289, 14, '2022-06-25', 5);
insert into store_product (id, title, slug, description, unit_price, inventory, last_update, collection_id) values (104, 'Tabasco Sauce, 2 Oz', 'jPvzYxk', 'enhance customized e-services', 368, 24, '2022-11-09', 6);
insert into store_product (id, title, slug, description, unit_price, inventory, last_update, collection_id) values (105, 'Pork - Bacon, Sliced', 'CPBXawawSqiM', 'strategize granular infomediaries', 673, 48, '2022-09-17', 9);
insert into store_product (id, title, slug, description, unit_price, inventory, last_update, collection_id) values (106, 'Cheese - Roquefort Pappillon', 'WzDipxOxEj', 'maximize mission-critical markets', 409, 20, '2022-08-22', 4);
insert into store_product (id, title, slug, description, unit_price, inventory, last_update, collection_id) values (107, 'Doilies - 5, Paper', '97hsyGxc3Vj', 'cultivate value-added bandwidth', 645, 40, '2022-02-10', 10);
insert into store_product (id, title, slug, description, unit_price, inventory, last_update, collection_id) values (108, 'Seedlings - Mix, Organic', '5NbvHv', 'implement interactive portals', 959, 34, '2022-04-20', 2);
insert into store_product (id, title, slug, description, unit_price, inventory, last_update, collection_id) values (109, 'Wine - Red, Concha Y Toro', 'MCqKGp4', 'unleash efficient models', 102, 40, '2021-11-12', 2);
insert into store_product (id, title, slug, description, unit_price, inventory, last_update, collection_id) values (110, 'Bar - Granola Trail Mix Fruit Nut', 'KCzXsntumVh', 'architect open-source channels', 217, 10, '2021-11-22', 2);
insert into store_product (id, title, slug, description, unit_price, inventory, last_update, collection_id) values (111, 'Soup - Beef, Base Mix', 'MwOFKpbaVr', 'brand cross-media portals', 891, 19, '2022-05-11', 7);
insert into store_product (id, title, slug, description, unit_price, inventory, last_update, collection_id) values (112, 'Beef - Top Sirloin', 'n51jngB', 'utilize front-end methodologies', 286, 14, '2022-02-22', 10);
insert into store_product (id, title, slug, description, unit_price, inventory, last_update, collection_id) values (113, 'Puree - Raspberry', 'LCBHii8Oen', 'scale B2C mindshare', 322, 26, '2022-04-14', 3);
insert into store_product (id, title, slug, description, unit_price, inventory, last_update, collection_id) values (114, 'Chip - Potato Dill Pickle', '3z29wDVvL', 'enable sticky methodologies', 877, 30, '2022-04-18', 8);
insert into store_product (id, title, slug, description, unit_price, inventory, last_update, collection_id) values (115, 'Pate - Cognac', 'tmHGf0M8Z7', 'aggregate virtual models', 592, 46, '2021-12-31', 1);
insert into store_product (id, title, slug, description, unit_price, inventory, last_update, collection_id) values (116, 'Wine - Red, Pelee Island Merlot', 'imd72vnx1', 'facilitate dot-com architectures', 52, 46, '2022-04-11', 5);
insert into store_product (id, title, slug, description, unit_price, inventory, last_update, collection_id) values (117, 'Lettuce - Belgian Endive', 's1TK6HkzNn', 'mesh seamless bandwidth', 537, 11, '2022-05-19', 4);
insert into store_product (id, title, slug, description, unit_price, inventory, last_update, collection_id) values (118, 'Wine - Casillero Deldiablo', '8l87Gkv', 'synergize back-end solutions', 300, 11, '2022-07-12', 1);
insert into store_product (id, title, slug, description, unit_price, inventory, last_update, collection_id) values (119, 'Bread - Pumpernickle, Rounds', 'b10qAzgPKS', 'redefine holistic platforms', 544, 46, '2021-11-26', 3);
insert into store_product (id, title, slug, description, unit_price, inventory, last_update, collection_id) values (120, 'Dill Weed - Fresh', 'HcnK4du', 'reinvent robust functionalities', 198, 35, '2022-11-09', 4);
insert into store_product (id, title, slug, description, unit_price, inventory, last_update, collection_id) values (121, 'Bread Fig And Almond', '89pZSnco4Mz', 'innovate revolutionary interfaces', 134, 43, '2022-01-03', 2);
insert into store_product (id, title, slug, description, unit_price, inventory, last_update, collection_id) values (122, 'Quail - Jumbo Boneless', 'BxLE3JJ7NAx', 'exploit rich models', 440, 32, '2022-06-17', 5);
insert into store_product (id, title, slug, description, unit_price, inventory, last_update, collection_id) values (123, 'Pie Filling - Cherry', 'UTEvYtt3cL', 'integrate e-business platforms', 874, 33, '2022-07-09', 5);
insert into store_product (id, title, slug, description, unit_price, inventory, last_update, collection_id) values (124, 'Tea - Decaf 1 Cup', '9M42nNAeBh', 'extend plug-and-play experiences', 309, 33, '2022-10-31', 5);
insert into store_product (id, title, slug, description, unit_price, inventory, last_update, collection_id) values (125, 'Sping Loaded Cup Dispenser', 'ZmCfFNBvv', 'productize end-to-end convergence', 77, 46, '2022-08-04', 1);
insert into store_product (id, title, slug, description, unit_price, inventory, last_update, collection_id) values (126, 'Capers - Ox Eye Daisy', 'dXadQDFwy2', 'expedite killer mindshare', 58, 46, '2022-05-16', 8);
insert into store_product (id, title, slug, description, unit_price, inventory, last_update, collection_id) values (127, 'Coffee - Beans, Whole', 'Xxnj8GJ', 'aggregate one-to-one e-commerce', 16, 50, '2022-08-29', 5);
insert into store_product (id, title, slug, description, unit_price, inventory, last_update, collection_id) values (128, 'Drambuie', '8t11EQGJ1tsM', 'strategize e-business platforms', 233, 41, '2021-11-28', 10);
insert into store_product (id, title, slug, description, unit_price, inventory, last_update, collection_id) values (129, 'Wine - Chianti Classica Docg', 'TqkUizXmyBGb', 'scale sticky content', 230, 39, '2022-09-30', 8);
insert into store_product (id, title, slug, description, unit_price, inventory, last_update, collection_id) values (130, 'Tea - Honey Green Tea', 'dk0KNfbR9tF', 'embrace e-business paradigms', 346, 34, '2022-03-19', 7);
insert into store_product (id, title, slug, description, unit_price, inventory, last_update, collection_id) values (131, 'Beans - Kidney, Canned', 'DJFY57BZ', 'enhance impactful portals', 123, 47, '2022-02-09', 4);
insert into store_product (id, title, slug, description, unit_price, inventory, last_update, collection_id) values (132, 'Wakami Seaweed', 'IxP8iqHBkL', 'recontextualize mission-critical systems', 637, 16, '2021-12-26', 4);
insert into store_product (id, title, slug, description, unit_price, inventory, last_update, collection_id) values (133, 'Pail - 15l White, With Handle', 'Hh1gl5Em3aO', 'matrix distributed convergence', 937, 39, '2022-09-04', 9);
insert into store_product (id, title, slug, description, unit_price, inventory, last_update, collection_id) values (134, 'Lime Cordial - Roses', 'KmIN0fX9', 'monetize revolutionary eyeballs', 524, 46, '2022-06-11', 2);
insert into store_product (id, title, slug, description, unit_price, inventory, last_update, collection_id) values (135, 'Venison - Ground', '45QGl8OL', 'redefine B2C e-business', 932, 10, '2022-03-27', 5);
insert into store_product (id, title, slug, description, unit_price, inventory, last_update, collection_id) values (136, 'Water - Mineral, Natural', 'pfieL8', 'strategize innovative architectures', 116, 48, '2022-06-08', 4);
insert into store_product (id, title, slug, description, unit_price, inventory, last_update, collection_id) values (137, 'White Baguette', 'ODjin9g', 'incentivize 24/7 e-services', 602, 33, '2022-03-23', 9);
insert into store_product (id, title, slug, description, unit_price, inventory, last_update, collection_id) values (138, 'Beef - Tenderloin Tails', 'vyYSZZ9DZ6V0', 'repurpose holistic architectures', 900, 44, '2022-05-16', 1);
insert into store_product (id, title, slug, description, unit_price, inventory, last_update, collection_id) values (139, 'Sachet', 'tfgo0lC50ktk', 'target efficient metrics', 865, 40, '2022-02-26', 8);
insert into store_product (id, title, slug, description, unit_price, inventory, last_update, collection_id) values (140, 'Mix - Cocktail Strawberry Daiquiri', 'OmERT0iqh', 'reintermediate end-to-end web-readiness', 855, 11, '2022-10-13', 8);
insert into store_product (id, title, slug, description, unit_price, inventory, last_update, collection_id) values (141, 'Yucca', '7zmN1enwns', 'reintermediate wireless content', 156, 48, '2022-03-06', 10);
insert into store_product (id, title, slug, description, unit_price, inventory, last_update, collection_id) values (142, 'Lime Cordial - Roses', 'yOkfoweq', 'visualize web-enabled networks', 794, 35, '2022-02-05', 4);
insert into store_product (id, title, slug, description, unit_price, inventory, last_update, collection_id) values (143, 'Ginger - Pickled', 'EcclUcm3rL', 'benchmark proactive synergies', 418, 32, '2022-10-05', 10);
insert into store_product (id, title, slug, description, unit_price, inventory, last_update, collection_id) values (144, 'Bread - Corn Muffaletta', 'bCVTr2sb', 'reintermediate dynamic content', 693, 14, '2022-05-26', 9);
insert into store_product (id, title, slug, description, unit_price, inventory, last_update, collection_id) values (145, 'Napkin White - Starched', 'Tmz2x78E1t', 'generate proactive e-commerce', 613, 15, '2022-08-21', 4);
insert into store_product (id, title, slug, description, unit_price, inventory, last_update, collection_id) values (146, 'Onions - Green', 'FeKmwyi5PQ', 'benchmark value-added e-services', 377, 10, '2022-01-08', 4);
insert into store_product (id, title, slug, description, unit_price, inventory, last_update, collection_id) values (147, 'Lobster - Live', 'zkglScN', 'aggregate bleeding-edge channels', 68, 12, '2022-09-14', 3);
insert into store_product (id, title, slug, description, unit_price, inventory, last_update, collection_id) values (148, 'Bread - Onion Focaccia', '1I5aFgsoL', 'target virtual networks', 642, 48, '2022-08-08', 7);
insert into store_product (id, title, slug, description, unit_price, inventory, last_update, collection_id) values (149, 'Cheese - Havarti, Roasted Garlic', 'AVnPTVU', 'target wireless initiatives', 699, 29, '2022-11-06', 3);
insert into store_product (id, title, slug, description, unit_price, inventory, last_update, collection_id) values (150, 'Wine - Prem Select Charddonany', 'kdRUH6DO3IH', 'reinvent transparent portals', 31, 27, '2022-01-20', 4);
insert into store_product (id, title, slug, description, unit_price, inventory, last_update, collection_id) values (151, 'Chocolate - Milk, Callets', 'wlmAV4jF', 'generate cross-media paradigms', 931, 42, '2022-07-22', 1);
insert into store_product (id, title, slug, description, unit_price, inventory, last_update, collection_id) values (152, 'Cake - Sheet Strawberry', 'yKTwE2KECPr', 'transform open-source eyeballs', 230, 21, '2022-05-06', 7);
insert into store_product (id, title, slug, description, unit_price, inventory, last_update, collection_id) values (153, 'Noodles - Cellophane, Thin', 'z3RulyMQ1ADI', 'matrix global web-readiness', 158, 36, '2022-05-21', 8);
insert into store_product (id, title, slug, description, unit_price, inventory, last_update, collection_id) values (154, 'Pastry - Carrot Muffin - Mini', 'as29ikYd', 'engineer transparent content', 509, 13, '2022-07-03', 7);
insert into store_product (id, title, slug, description, unit_price, inventory, last_update, collection_id) values (155, 'Soho Lychee Liqueur', '9XVuCjk', 'cultivate efficient synergies', 381, 15, '2022-11-01', 9);
insert into store_product (id, title, slug, description, unit_price, inventory, last_update, collection_id) values (156, 'Bread - Bagels, Plain', 'ZkgNExLiz2', 'productize innovative experiences', 736, 31, '2022-01-20', 1);
insert into store_product (id, title, slug, description, unit_price, inventory, last_update, collection_id) values (157, 'Spic And Span All Purpose', 'vDreNDFF', 'unleash end-to-end models', 443, 26, '2022-11-04', 9);
insert into store_product (id, title, slug, description, unit_price, inventory, last_update, collection_id) values (158, 'Olives - Stuffed', 'AJV3SFoc7', 'aggregate seamless ROI', 336, 18, '2022-06-02', 4);
insert into store_product (id, title, slug, description, unit_price, inventory, last_update, collection_id) values (159, 'Pasta - Rotini, Colour, Dry', '2FsyUDcmaX0i', 'embrace 24/365 solutions', 111, 39, '2022-10-05', 1);
insert into store_product (id, title, slug, description, unit_price, inventory, last_update, collection_id) values (160, 'Island Oasis - Sweet And Sour Mix', 'ycQUvNP7E', 'generate one-to-one e-tailers', 134, 24, '2022-05-26', 1);
insert into store_product (id, title, slug, description, unit_price, inventory, last_update, collection_id) values (161, 'Bread - Dark Rye, Loaf', 'O2YoRZ', 'target cutting-edge synergies', 802, 24, '2022-09-13', 6);
insert into store_product (id, title, slug, description, unit_price, inventory, last_update, collection_id) values (162, 'Foil - 4oz Custard Cup', '0cd1Du', 'facilitate bleeding-edge e-markets', 449, 15, '2022-05-26', 8);
insert into store_product (id, title, slug, description, unit_price, inventory, last_update, collection_id) values (163, 'Salmon - Fillets', 'AgZUKfj0K', 'visualize robust eyeballs', 952, 49, '2022-03-14', 3);
insert into store_product (id, title, slug, description, unit_price, inventory, last_update, collection_id) values (164, 'Asparagus - Green, Fresh', 'Et2XPZqr', 'productize leading-edge ROI', 447, 34, '2022-06-24', 1);
insert into store_product (id, title, slug, description, unit_price, inventory, last_update, collection_id) values (165, 'Cheese - Wine', 'ZnezMqffjO', 'e-enable extensible e-tailers', 221, 16, '2022-10-14', 2);
insert into store_product (id, title, slug, description, unit_price, inventory, last_update, collection_id) values (166, 'Oil - Sunflower', 'IzdXLKDYFT', 'architect web-enabled architectures', 291, 41, '2022-08-14', 6);
insert into store_product (id, title, slug, description, unit_price, inventory, last_update, collection_id) values (167, 'Hinge W Undercut', 'TfIf3QqN', 'enable sexy markets', 279, 17, '2022-10-16', 10);
insert into store_product (id, title, slug, description, unit_price, inventory, last_update, collection_id) values (168, 'Wanton Wrap', 'XvdeWA6TL', 'innovate best-of-breed technologies', 910, 40, '2021-12-14', 4);
insert into store_product (id, title, slug, description, unit_price, inventory, last_update, collection_id) values (169, 'Beans - Fava Fresh', '5kDVZPVXdnv', 'facilitate turn-key relationships', 529, 32, '2022-08-01', 4);
insert into store_product (id, title, slug, description, unit_price, inventory, last_update, collection_id) values (170, 'Lamb Shoulder Boneless Nz', 'DI7MMl', 'productize integrated relationships', 612, 24, '2022-10-30', 3);
insert into store_product (id, title, slug, description, unit_price, inventory, last_update, collection_id) values (171, 'Coffee - Colombian, Portioned', 'UB7cpjOX', 'incubate innovative web services', 268, 32, '2022-10-10', 10);
insert into store_product (id, title, slug, description, unit_price, inventory, last_update, collection_id) values (172, 'Bread - Pumpernickle, Rounds', 'UKXovS4du5YY', 'exploit cutting-edge applications', 582, 42, '2022-06-29', 9);
insert into store_product (id, title, slug, description, unit_price, inventory, last_update, collection_id) values (173, 'Dried Cranberries', 'xhlhw7a2', 'deliver ubiquitous e-business', 650, 14, '2022-07-23', 3);
insert into store_product (id, title, slug, description, unit_price, inventory, last_update, collection_id) values (174, 'Cup - 3.5oz, Foam', 'PG0rEX', 'envisioneer granular communities', 959, 15, '2022-02-15', 1);
insert into store_product (id, title, slug, description, unit_price, inventory, last_update, collection_id) values (175, 'Five Alive Citrus', 'iHducpo', 'expedite efficient infomediaries', 710, 16, '2022-04-25', 6);
insert into store_product (id, title, slug, description, unit_price, inventory, last_update, collection_id) values (176, 'Vinegar - Rice', 'iR6XWMUrA', 'brand end-to-end architectures', 216, 10, '2022-02-08', 2);
insert into store_product (id, title, slug, description, unit_price, inventory, last_update, collection_id) values (177, 'Cocoa Feuilletine', 'EOJmqBS1zCr', 'extend synergistic paradigms', 211, 28, '2021-12-07', 3);
insert into store_product (id, title, slug, description, unit_price, inventory, last_update, collection_id) values (178, 'Anchovy In Oil', 'WsKpvBeqw5', 'synthesize wireless systems', 266, 38, '2022-10-05', 7);
insert into store_product (id, title, slug, description, unit_price, inventory, last_update, collection_id) values (179, 'Cheese - Feta', 'aHiGozkGkY5', 'seize mission-critical markets', 208, 36, '2022-10-06', 10);
insert into store_product (id, title, slug, description, unit_price, inventory, last_update, collection_id) values (180, 'Star Anise, Whole', 'F4MiYEibgjh', 'integrate cross-platform web services', 366, 42, '2022-10-25', 8);
insert into store_product (id, title, slug, description, unit_price, inventory, last_update, collection_id) values (181, 'Sponge Cake Mix - Vanilla', 'GBJZ8SRkD9', 'transition intuitive experiences', 804, 12, '2021-12-16', 10);
insert into store_product (id, title, slug, description, unit_price, inventory, last_update, collection_id) values (182, 'Green Tea Refresher', 'BbzuvO', 'benchmark vertical communities', 780, 48, '2022-03-14', 7);
insert into store_product (id, title, slug, description, unit_price, inventory, last_update, collection_id) values (183, 'Sprouts - China Rose', '3nejrI2p', 'target end-to-end networks', 410, 35, '2022-06-01', 10);
insert into store_product (id, title, slug, description, unit_price, inventory, last_update, collection_id) values (184, 'Pepper - Black, Crushed', 'pr4usht', 'leverage dynamic e-services', 819, 42, '2022-07-15', 1);
insert into store_product (id, title, slug, description, unit_price, inventory, last_update, collection_id) values (185, 'Cheese - Goat With Herbs', 'WbemZZwI', 'synthesize cross-media interfaces', 205, 39, '2022-09-21', 3);
insert into store_product (id, title, slug, description, unit_price, inventory, last_update, collection_id) values (186, 'Beans - Turtle, Black, Dry', 'Oii03HLdMPN', 'transform extensible infomediaries', 71, 27, '2021-12-01', 7);
insert into store_product (id, title, slug, description, unit_price, inventory, last_update, collection_id) values (187, 'Beef - Outside, Round', '6S7N5SWvt', 'mesh efficient solutions', 448, 41, '2022-06-29', 10);
insert into store_product (id, title, slug, description, unit_price, inventory, last_update, collection_id) values (188, 'Calypso - Strawberry Lemonade', 'C6wa9B4WKC6', 'facilitate interactive convergence', 57, 29, '2022-03-07', 7);
insert into store_product (id, title, slug, description, unit_price, inventory, last_update, collection_id) values (189, 'Coffee - Almond Amaretto', 'LHTZ6uxY1', 'incubate cross-media systems', 89, 29, '2022-07-15', 9);
insert into store_product (id, title, slug, description, unit_price, inventory, last_update, collection_id) values (190, 'Gingerale - Diet - Schweppes', 'gSmqgT', 'target transparent content', 90, 24, '2022-04-22', 1);
insert into store_product (id, title, slug, description, unit_price, inventory, last_update, collection_id) values (191, 'Grapefruit - White', 'U3hIwEpQ8x', 'incentivize out-of-the-box e-markets', 820, 11, '2021-11-18', 5);
insert into store_product (id, title, slug, description, unit_price, inventory, last_update, collection_id) values (192, 'Flour - All Purpose', 'oJLSM6', 'embrace frictionless e-services', 92, 22, '2022-07-31', 6);
insert into store_product (id, title, slug, description, unit_price, inventory, last_update, collection_id) values (193, 'Coffee - Flavoured', 'k03TecylOG', 'architect mission-critical e-markets', 83, 25, '2022-09-16', 8);
insert into store_product (id, title, slug, description, unit_price, inventory, last_update, collection_id) values (194, 'Roe - Lump Fish, Black', 'T1yqofVIfM7', 'harness proactive vortals', 322, 44, '2022-07-10', 6);
insert into store_product (id, title, slug, description, unit_price, inventory, last_update, collection_id) values (195, 'Sugar - Invert', 'Zz9trUOE6L7', 'reinvent cross-platform communities', 476, 44, '2021-12-25', 10);
insert into store_product (id, title, slug, description, unit_price, inventory, last_update, collection_id) values (196, 'Beans - Black Bean, Preserved', 'n0LOVr9HTT', 'facilitate bleeding-edge solutions', 995, 12, '2022-04-10', 1);
insert into store_product (id, title, slug, description, unit_price, inventory, last_update, collection_id) values (197, 'Cake - Pancake', 'VkJBMHLqIxap', 'extend extensible networks', 584, 29, '2022-03-27', 7);
insert into store_product (id, title, slug, description, unit_price, inventory, last_update, collection_id) values (198, 'Rum - Mount Gay Eclipes', 'dcJcItOuqoyY', 'scale holistic vortals', 460, 25, '2022-01-17', 6);
insert into store_product (id, title, slug, description, unit_price, inventory, last_update, collection_id) values (199, 'Table Cloth 62x120 Colour', 'yQo3H55zz', 'orchestrate rich synergies', 415, 11, '2022-08-02', 8);
insert into store_product (id, title, slug, description, unit_price, inventory, last_update, collection_id) values (200, 'Bar - Sweet And Salty Chocolate', 'xTBbyGPW', 'strategize user-centric functionalities', 722, 33, '2022-02-15', 10);
insert into store_product (id, title, slug, description, unit_price, inventory, last_update, collection_id) values (201, 'French Kiss Vanilla', 'hQWAbykm2Z', 'architect cross-platform niches', 57, 16, '2022-08-02', 10);
insert into store_product (id, title, slug, description, unit_price, inventory, last_update, collection_id) values (202, 'Cafe Royale', 'Xf67Iye', 'cultivate magnetic e-markets', 893, 47, '2021-12-08', 10);
insert into store_product (id, title, slug, description, unit_price, inventory, last_update, collection_id) values (203, 'Clams - Littleneck, Whole', 'wQ6l4Jf8', 'incubate proactive applications', 38, 33, '2022-09-19', 6);
insert into store_product (id, title, slug, description, unit_price, inventory, last_update, collection_id) values (204, 'Corn Meal', 'zShcUfbgSmsP', 'expedite cross-platform channels', 981, 49, '2022-09-08', 2);
insert into store_product (id, title, slug, description, unit_price, inventory, last_update, collection_id) values (205, 'Corn Syrup', 'aEscmV', 'aggregate cross-platform infrastructures', 105, 19, '2022-08-06', 6);
insert into store_product (id, title, slug, description, unit_price, inventory, last_update, collection_id) values (206, 'Syrup - Kahlua Chocolate', 'NDrSyW7P', 'grow B2C methodologies', 775, 29, '2021-11-19', 8);
insert into store_product (id, title, slug, description, unit_price, inventory, last_update, collection_id) values (207, 'Juice - Apple, 341 Ml', '6YVVAj5p', 'grow real-time interfaces', 777, 42, '2022-09-05', 2);
insert into store_product (id, title, slug, description, unit_price, inventory, last_update, collection_id) values (208, 'Tart - Butter Plain Squares', 'Mf4ndFf', 'disintermediate transparent interfaces', 432, 32, '2022-09-03', 10);
insert into store_product (id, title, slug, description, unit_price, inventory, last_update, collection_id) values (209, 'Cloves - Ground', '41E5HDKOwb', 'deploy extensible functionalities', 632, 20, '2022-05-16', 8);
insert into store_product (id, title, slug, description, unit_price, inventory, last_update, collection_id) values (210, 'Bouillion - Fish', 'PRGccrV', 'engineer clicks-and-mortar content', 311, 26, '2022-02-04', 3);
insert into store_product (id, title, slug, description, unit_price, inventory, last_update, collection_id) values (211, 'Wine - Red, Antinori Santa', 'hLVOVWmvokZ', 'revolutionize 24/365 paradigms', 774, 38, '2021-12-17', 6);
insert into store_product (id, title, slug, description, unit_price, inventory, last_update, collection_id) values (212, 'Sprouts - China Rose', 'IKV6Vt', 'streamline vertical deliverables', 97, 31, '2022-01-02', 6);
insert into store_product (id, title, slug, description, unit_price, inventory, last_update, collection_id) values (213, 'Cake - Mini Cheesecake', 'ogY88lJ', 'strategize impactful initiatives', 326, 32, '2022-05-09', 4);
insert into store_product (id, title, slug, description, unit_price, inventory, last_update, collection_id) values (214, 'Bread - Italian Roll With Herbs', 'M6fsBdjencL0', 'innovate cutting-edge paradigms', 206, 26, '2022-09-24', 7);
insert into store_product (id, title, slug, description, unit_price, inventory, last_update, collection_id) values (215, 'Carbonated Water - Blackberry', 'rr9qgoEL', 'architect cross-platform relationships', 266, 23, '2022-06-26', 7);
insert into store_product (id, title, slug, description, unit_price, inventory, last_update, collection_id) values (216, 'Crush - Cream Soda', 'aG9LA2tBWI24', 'synthesize bleeding-edge users', 645, 48, '2022-05-05', 3);
insert into store_product (id, title, slug, description, unit_price, inventory, last_update, collection_id) values (217, 'Wine - Ruffino Chianti', 'udzoDXZ7vJ', 'e-enable vertical portals', 146, 32, '2022-09-15', 4);
insert into store_product (id, title, slug, description, unit_price, inventory, last_update, collection_id) values (218, 'Sardines', 'MpF0Lu45', 'architect dynamic action-items', 473, 31, '2021-12-08', 1);
insert into store_product (id, title, slug, description, unit_price, inventory, last_update, collection_id) values (219, 'Scallops - Live In Shell', 'GiKAlfZ1NJ', 'optimize out-of-the-box synergies', 603, 21, '2021-11-28', 5);
insert into store_product (id, title, slug, description, unit_price, inventory, last_update, collection_id) values (220, 'Nut - Pecan, Pieces', '7X2YmpDmJl', 'target front-end eyeballs', 806, 33, '2022-03-14', 7);
insert into store_product (id, title, slug, description, unit_price, inventory, last_update, collection_id) values (221, 'Lotus Leaves', 'QQEfDIIie', 'expedite cross-platform users', 463, 43, '2022-11-07', 4);
insert into store_product (id, title, slug, description, unit_price, inventory, last_update, collection_id) values (222, 'Bread - Focaccia Quarter', 'qgbai9HkbIJn', 'brand best-of-breed e-tailers', 965, 38, '2022-05-07', 8);
insert into store_product (id, title, slug, description, unit_price, inventory, last_update, collection_id) values (223, 'Wine - White, Gewurtzraminer', 'WmtQ3x', 'cultivate proactive web-readiness', 302, 10, '2022-02-11', 3);
insert into store_product (id, title, slug, description, unit_price, inventory, last_update, collection_id) values (224, 'Napkin - Beverage 1 Ply', '01K41M', 'enhance ubiquitous solutions', 977, 17, '2022-02-26', 4);
insert into store_product (id, title, slug, description, unit_price, inventory, last_update, collection_id) values (225, 'Chevere Logs', 'ogW0LnPt', 'transition granular schemas', 695, 34, '2022-10-14', 2);
insert into store_product (id, title, slug, description, unit_price, inventory, last_update, collection_id) values (226, 'Clam - Cherrystone', 'lcOTIPgOc', 'utilize dynamic communities', 726, 26, '2022-06-25', 7);
insert into store_product (id, title, slug, description, unit_price, inventory, last_update, collection_id) values (227, 'Cheese Cloth No 100', 'pMmgoN4joUpN', 'maximize distributed web-readiness', 938, 44, '2022-09-25', 4);
insert into store_product (id, title, slug, description, unit_price, inventory, last_update, collection_id) values (228, 'Soup - Campbells, Lentil', 'JTbH3BCl', 'orchestrate visionary paradigms', 938, 27, '2022-05-04', 2);
insert into store_product (id, title, slug, description, unit_price, inventory, last_update, collection_id) values (229, 'Cup - 8oz Coffee Perforated', '3u2w3U', 'orchestrate leading-edge relationships', 623, 37, '2021-12-30', 10);
insert into store_product (id, title, slug, description, unit_price, inventory, last_update, collection_id) values (230, 'Coffee - French Vanilla Frothy', 'Vu9NSGYoeq', 'aggregate synergistic schemas', 202, 48, '2021-12-02', 6);
insert into store_product (id, title, slug, description, unit_price, inventory, last_update, collection_id) values (231, 'Jameson - Irish Whiskey', '3jLHX9kOf', 'incubate integrated markets', 12, 35, '2021-11-19', 7);
insert into store_product (id, title, slug, description, unit_price, inventory, last_update, collection_id) values (232, 'Coffee Cup 8oz 5338cd', 'k4QjcPh', 'leverage 24/365 relationships', 558, 12, '2022-08-24', 7);
insert into store_product (id, title, slug, description, unit_price, inventory, last_update, collection_id) values (233, 'Bagel - Everything', 'YEzWrL7', 'integrate rich architectures', 13, 14, '2022-05-10', 8);
insert into store_product (id, title, slug, description, unit_price, inventory, last_update, collection_id) values (234, 'Truffle Cups - Red', 'xTlkQI5gb', 'incubate mission-critical infomediaries', 209, 43, '2022-08-19', 10);
insert into store_product (id, title, slug, description, unit_price, inventory, last_update, collection_id) values (235, 'Flour Pastry Super Fine', 'DdvluxRy7b', 'mesh global infomediaries', 990, 34, '2022-02-11', 4);
insert into store_product (id, title, slug, description, unit_price, inventory, last_update, collection_id) values (236, 'Ham Black Forest', 'XzzfUexNf', 'streamline value-added web-readiness', 926, 21, '2021-11-27', 8);
insert into store_product (id, title, slug, description, unit_price, inventory, last_update, collection_id) values (237, 'Garlic Powder', 'b410Mx', 'implement dot-com initiatives', 261, 28, '2022-02-27', 5);
insert into store_product (id, title, slug, description, unit_price, inventory, last_update, collection_id) values (238, 'Jameson - Irish Whiskey', 'awYvXqUKSx', 'embrace e-business convergence', 436, 13, '2022-08-22', 9);
insert into store_product (id, title, slug, description, unit_price, inventory, last_update, collection_id) values (239, 'Chocolate - Liqueur Cups With Foil', 'WlSenbcQ9A', 'harness clicks-and-mortar relationships', 758, 48, '2022-01-09', 5);
insert into store_product (id, title, slug, description, unit_price, inventory, last_update, collection_id) values (240, 'Brandy - Bar', 'j9s5P1', 'morph best-of-breed initiatives', 24, 44, '2022-05-03', 1);
insert into store_product (id, title, slug, description, unit_price, inventory, last_update, collection_id) values (241, 'Thyme - Dried', 'rXQE9fTUsgt', 'streamline granular markets', 186, 23, '2022-10-05', 3);
insert into store_product (id, title, slug, description, unit_price, inventory, last_update, collection_id) values (242, 'Veal - Brisket, Provimi,bnls', 'n5LBAZwBP1oV', 'aggregate integrated ROI', 764, 37, '2022-06-01', 4);
insert into store_product (id, title, slug, description, unit_price, inventory, last_update, collection_id) values (243, 'Soup - Knorr, French Onion', 'bdUUENMPeo', 'expedite efficient interfaces', 863, 42, '2022-10-15', 2);
insert into store_product (id, title, slug, description, unit_price, inventory, last_update, collection_id) values (244, 'Ice Cream - Turtles Stick Bar', 'LyP3lT4', 'exploit user-centric bandwidth', 529, 40, '2022-10-29', 1);
insert into store_product (id, title, slug, description, unit_price, inventory, last_update, collection_id) values (245, 'Container - Foam Dixie 12 Oz', 'NK4Uqr', 'repurpose global eyeballs', 364, 37, '2022-01-06', 4);
insert into store_product (id, title, slug, description, unit_price, inventory, last_update, collection_id) values (246, 'Cheese - Comte', 'ldIanGbAqYW4', 'repurpose sexy eyeballs', 474, 47, '2022-10-15', 8);
insert into store_product (id, title, slug, description, unit_price, inventory, last_update, collection_id) values (247, 'Longos - Grilled Salmon With Bbq', '3QkydjzhWS', 'deploy dynamic deliverables', 142, 28, '2022-05-13', 1);
insert into store_product (id, title, slug, description, unit_price, inventory, last_update, collection_id) values (248, 'Soup - Base Broth Chix', 'wC2O18a', 'transform e-business functionalities', 44, 23, '2022-09-20', 1);
insert into store_product (id, title, slug, description, unit_price, inventory, last_update, collection_id) values (249, 'Aspic - Light', '6bRrwFu1G8', 'synergize 24/7 applications', 836, 30, '2022-09-16', 3);
insert into store_product (id, title, slug, description, unit_price, inventory, last_update, collection_id) values (250, 'Veal - Inside Round / Top, Lean', 'AK789w', 'maximize wireless niches', 348, 13, '2022-04-04', 5);
insert into store_product (id, title, slug, description, unit_price, inventory, last_update, collection_id) values (251, 'Milk - 2% 250 Ml', 'SYA83sCm', 'engineer turn-key web-readiness', 751, 19, '2022-10-04', 2);
insert into store_product (id, title, slug, description, unit_price, inventory, last_update, collection_id) values (252, 'Sparkling Wine - Rose, Freixenet', 'vMBYvgh', 'evolve B2B web-readiness', 42, 28, '2022-01-25', 7);
insert into store_product (id, title, slug, description, unit_price, inventory, last_update, collection_id) values (253, 'Pastry - Plain Baked Croissant', 'p5ySVedH49B', 'e-enable dynamic platforms', 62, 49, '2022-06-02', 1);
insert into store_product (id, title, slug, description, unit_price, inventory, last_update, collection_id) values (254, 'Arctic Char - Fillets', 'DjKgEz', 'innovate transparent networks', 107, 47, '2022-09-12', 8);
insert into store_product (id, title, slug, description, unit_price, inventory, last_update, collection_id) values (255, 'Cookies - Amaretto', '1WgHGPoqUWCY', 'target global bandwidth', 567, 36, '2022-03-21', 7);
insert into store_product (id, title, slug, description, unit_price, inventory, last_update, collection_id) values (256, 'Chocolate - Dark', 'yJyh5QGprLa', 'cultivate holistic platforms', 546, 35, '2022-10-30', 7);
insert into store_product (id, title, slug, description, unit_price, inventory, last_update, collection_id) values (257, 'Juice - Apple, 1.36l', 'n00VIn', 'exploit user-centric e-tailers', 454, 30, '2022-08-12', 8);
insert into store_product (id, title, slug, description, unit_price, inventory, last_update, collection_id) values (258, 'Cafe Royale', 'SIK9rYFhLarR', 'mesh visionary functionalities', 891, 50, '2022-09-21', 8);
insert into store_product (id, title, slug, description, unit_price, inventory, last_update, collection_id) values (259, 'Gatorade - Fruit Punch', 'wV8k0kVIU8JD', 'synthesize viral interfaces', 192, 32, '2022-06-07', 2);
insert into store_product (id, title, slug, description, unit_price, inventory, last_update, collection_id) values (260, 'Pail With Metal Handle 16l White', '5fQi6r6wVNzl', 'morph visionary systems', 299, 22, '2022-04-15', 3);
insert into store_product (id, title, slug, description, unit_price, inventory, last_update, collection_id) values (261, 'Oil - Shortening,liqud, Fry', 'nyj3I4t3x9r', 'facilitate enterprise portals', 740, 22, '2022-07-22', 10);
insert into store_product (id, title, slug, description, unit_price, inventory, last_update, collection_id) values (262, 'Bamboo Shoots - Sliced', 'qrAwCyuOiKMC', 'enhance killer infrastructures', 34, 13, '2022-08-20', 2);
insert into store_product (id, title, slug, description, unit_price, inventory, last_update, collection_id) values (263, 'Truffle - Peelings', 'kDlsPKFab9nu', 'integrate distributed channels', 586, 39, '2022-06-16', 5);
insert into store_product (id, title, slug, description, unit_price, inventory, last_update, collection_id) values (264, 'Pasta - Lasagne, Fresh', 'cPzT31xt', 'deliver dynamic experiences', 258, 34, '2021-11-20', 4);
insert into store_product (id, title, slug, description, unit_price, inventory, last_update, collection_id) values (265, 'Sage Derby', '7a8LRH', 'generate mission-critical paradigms', 119, 27, '2022-03-17', 2);
insert into store_product (id, title, slug, description, unit_price, inventory, last_update, collection_id) values (266, 'Soup - Campbells Mushroom', '3JTnWT', 'incentivize ubiquitous mindshare', 694, 27, '2021-11-10', 2);
insert into store_product (id, title, slug, description, unit_price, inventory, last_update, collection_id) values (267, 'Wine - Rosso Toscano Igt', 'axcBZU', 'cultivate mission-critical platforms', 424, 12, '2021-12-29', 6);
insert into store_product (id, title, slug, description, unit_price, inventory, last_update, collection_id) values (268, 'Mustard - Seed', '9LQuD0NL7', 'monetize world-class platforms', 591, 44, '2022-04-13', 7);
insert into store_product (id, title, slug, description, unit_price, inventory, last_update, collection_id) values (269, 'Cheese - Parmesan Grated', '5OGoDFHxmit', 'recontextualize distributed portals', 314, 34, '2022-03-04', 1);
insert into store_product (id, title, slug, description, unit_price, inventory, last_update, collection_id) values (270, 'Beef - Ground, Extra Lean, Fresh', '47Sb1j76WnT3', 'strategize interactive channels', 324, 43, '2022-04-14', 9);
insert into store_product (id, title, slug, description, unit_price, inventory, last_update, collection_id) values (271, 'Trout - Hot Smkd, Dbl Fillet', 'B8zrLmWyC', 'exploit collaborative markets', 263, 40, '2022-03-25', 1);
insert into store_product (id, title, slug, description, unit_price, inventory, last_update, collection_id) values (272, 'Honey - Lavender', 'v1p2kmE', 'mesh collaborative experiences', 234, 17, '2022-04-02', 6);
insert into store_product (id, title, slug, description, unit_price, inventory, last_update, collection_id) values (273, 'Wine - Red, Colio Cabernet', 'DfpbMsfd6Cp', 'e-enable best-of-breed e-business', 75, 12, '2022-01-05', 2);
insert into store_product (id, title, slug, description, unit_price, inventory, last_update, collection_id) values (274, 'Cake - Mini Potato Pancake', '2SBeXb2S', 'whiteboard extensible action-items', 539, 29, '2021-12-11', 7);
insert into store_product (id, title, slug, description, unit_price, inventory, last_update, collection_id) values (275, 'Fond - Chocolate', 'Pnt921Z9Eel', 'productize efficient portals', 567, 24, '2021-12-13', 4);
insert into store_product (id, title, slug, description, unit_price, inventory, last_update, collection_id) values (276, 'Mushroom - Morels, Dry', '3VB634VG2t', 'maximize extensible methodologies', 455, 37, '2022-10-02', 9);
insert into store_product (id, title, slug, description, unit_price, inventory, last_update, collection_id) values (277, 'Huck Towels White', 'PXai6NIexk', 'syndicate synergistic systems', 476, 38, '2022-09-30', 1);
insert into store_product (id, title, slug, description, unit_price, inventory, last_update, collection_id) values (278, 'Shrimp - 16 - 20 Cooked, Peeled', 'ABNmHr', 'visualize e-business users', 413, 32, '2022-04-06', 5);
insert into store_product (id, title, slug, description, unit_price, inventory, last_update, collection_id) values (279, 'Yokaline', 'PmR1nsG4dxu', 'brand 24/7 experiences', 584, 43, '2022-09-07', 2);
insert into store_product (id, title, slug, description, unit_price, inventory, last_update, collection_id) values (280, 'Taro Root', 'YM7oQTTn', 'monetize strategic relationships', 882, 11, '2021-12-02', 7);
insert into store_product (id, title, slug, description, unit_price, inventory, last_update, collection_id) values (281, 'Truffle - Peelings', 'GahnVIA5mra', 'implement sticky systems', 415, 26, '2022-07-24', 1);
insert into store_product (id, title, slug, description, unit_price, inventory, last_update, collection_id) values (282, 'Cheese - La Sauvagine', 'mG06mHU', 'incubate value-added infomediaries', 495, 33, '2022-03-04', 7);
insert into store_product (id, title, slug, description, unit_price, inventory, last_update, collection_id) values (283, 'Wine - Carmenere Casillero Del', 'eUqhfm25x6G', 'reinvent magnetic web-readiness', 425, 23, '2022-04-08', 2);
insert into store_product (id, title, slug, description, unit_price, inventory, last_update, collection_id) values (284, 'Bacardi Breezer - Strawberry', 'joIDlCtrB', 'syndicate robust infomediaries', 453, 35, '2022-03-19', 6);
insert into store_product (id, title, slug, description, unit_price, inventory, last_update, collection_id) values (285, 'Crab - Imitation Flakes', 'fs31Mg', 'whiteboard back-end infomediaries', 793, 49, '2022-05-08', 1);
insert into store_product (id, title, slug, description, unit_price, inventory, last_update, collection_id) values (286, 'Asparagus - White, Fresh', 'msQqTkCbuxN', 'engineer intuitive technologies', 276, 50, '2022-08-05', 4);
insert into store_product (id, title, slug, description, unit_price, inventory, last_update, collection_id) values (287, 'Olives - Black, Pitted', 'BvdHBX', 'scale cross-platform action-items', 824, 35, '2022-10-11', 2);
insert into store_product (id, title, slug, description, unit_price, inventory, last_update, collection_id) values (288, 'Apple - Delicious, Golden', '5HCsVMVSmeki', 'seize 24/365 initiatives', 513, 24, '2021-12-05', 10);
insert into store_product (id, title, slug, description, unit_price, inventory, last_update, collection_id) values (289, 'Cheese - Bakers Cream Cheese', 'PtJa65', 'syndicate interactive e-services', 351, 35, '2022-04-23', 10);
insert into store_product (id, title, slug, description, unit_price, inventory, last_update, collection_id) values (290, 'Steam Pan Full Lid', 'Hwm0rLjq', 'leverage intuitive niches', 312, 35, '2021-12-10', 2);
insert into store_product (id, title, slug, description, unit_price, inventory, last_update, collection_id) values (291, 'Buffalo - Tenderloin', 'h6AeXq', 'seize vertical communities', 995, 43, '2021-12-30', 3);
insert into store_product (id, title, slug, description, unit_price, inventory, last_update, collection_id) values (292, 'Couscous', 'T7j0UDNXtV', 'redefine bricks-and-clicks bandwidth', 175, 45, '2022-05-18', 9);
insert into store_product (id, title, slug, description, unit_price, inventory, last_update, collection_id) values (293, 'Savory', 'QAXhk0t', 'evolve dynamic models', 330, 21, '2022-01-31', 8);
insert into store_product (id, title, slug, description, unit_price, inventory, last_update, collection_id) values (294, 'Pastry - Banana Muffin - Mini', 'wRCV2WzbZ3oF', 'benchmark B2B communities', 50, 31, '2021-12-28', 1);
insert into store_product (id, title, slug, description, unit_price, inventory, last_update, collection_id) values (295, 'Oregano - Dry, Rubbed', 'IkdLqVN', 'monetize cutting-edge e-commerce', 687, 12, '2022-10-11', 8);
insert into store_product (id, title, slug, description, unit_price, inventory, last_update, collection_id) values (296, 'Toothpick Frilled', '58BSq392j4', 'generate cutting-edge synergies', 859, 15, '2022-10-01', 3);
insert into store_product (id, title, slug, description, unit_price, inventory, last_update, collection_id) values (297, 'Oil - Canola', 'veT7DAAd2X', 'optimize user-centric relationships', 84, 29, '2022-04-21', 5);
insert into store_product (id, title, slug, description, unit_price, inventory, last_update, collection_id) values (298, 'Arrowroot', 'PzRdRDmy', 'engineer 24/365 deliverables', 297, 20, '2022-06-22', 9);
insert into store_product (id, title, slug, description, unit_price, inventory, last_update, collection_id) values (299, 'Wanton Wrap', 'BEWjjzlA', 'morph plug-and-play systems', 453, 30, '2022-04-02', 1);
insert into store_product (id, title, slug, description, unit_price, inventory, last_update, collection_id) values (300, 'Bread - French Baquette', 'qgIkr6u', 'incubate extensible content', 704, 50, '2022-06-17', 1);
insert into store_product (id, title, slug, description, unit_price, inventory, last_update, collection_id) values (301, 'Pork Ham Prager', '3Ezgfn', 'scale global infrastructures', 377, 33, '2022-08-26', 10);
insert into store_product (id, title, slug, description, unit_price, inventory, last_update, collection_id) values (302, 'Juice - Tomato, 10 Oz', 'qKPk1vCDB2b', 'embrace sexy metrics', 27, 31, '2022-01-16', 10);
insert into store_product (id, title, slug, description, unit_price, inventory, last_update, collection_id) values (303, 'Filter - Coffee', 'o6bm7X4Ph', 'envisioneer rich applications', 431, 11, '2022-10-25', 3);
insert into store_product (id, title, slug, description, unit_price, inventory, last_update, collection_id) values (304, 'Chocolate Liqueur - Godet White', 'iDJ2PN', 'utilize rich relationships', 452, 42, '2022-07-11', 4);
insert into store_product (id, title, slug, description, unit_price, inventory, last_update, collection_id) values (305, 'Flour Dark Rye', 'FJ37hHHYThDm', 'synergize sticky experiences', 25, 33, '2022-08-10', 6);
insert into store_product (id, title, slug, description, unit_price, inventory, last_update, collection_id) values (306, 'Table Cloth 120 Round White', 'VvZdrw', 'monetize collaborative web services', 383, 43, '2021-12-13', 7);
insert into store_product (id, title, slug, description, unit_price, inventory, last_update, collection_id) values (307, 'Ketchup - Tomato', 'cZjZe2O1Ypm', 'synthesize innovative bandwidth', 539, 38, '2021-11-29', 6);
insert into store_product (id, title, slug, description, unit_price, inventory, last_update, collection_id) values (308, 'Sugar - Brown', '5uSWV4', 'deliver real-time e-business', 739, 34, '2022-10-19', 4);
insert into store_product (id, title, slug, description, unit_price, inventory, last_update, collection_id) values (309, 'Radish - Pickled', 'UD9UXDCnZrt', 'incentivize 24/365 ROI', 611, 49, '2022-05-04', 10);
insert into store_product (id, title, slug, description, unit_price, inventory, last_update, collection_id) values (310, 'Sauce - Apple, Unsweetened', 'VSZEDjGQQBIl', 'monetize impactful ROI', 16, 46, '2022-06-05', 6);
insert into store_product (id, title, slug, description, unit_price, inventory, last_update, collection_id) values (311, 'Appetizer - Southwestern', 'dR69FGai', 'embrace back-end e-business', 946, 41, '2022-02-26', 3);
insert into store_product (id, title, slug, description, unit_price, inventory, last_update, collection_id) values (312, 'Canadian Emmenthal', 'tyXAzi2HaV', 'orchestrate turn-key schemas', 343, 21, '2022-01-26', 4);
insert into store_product (id, title, slug, description, unit_price, inventory, last_update, collection_id) values (313, 'Bread - Rosemary Focaccia', 'vePl2UYVN4Dh', 'utilize holistic ROI', 218, 41, '2022-02-12', 7);
insert into store_product (id, title, slug, description, unit_price, inventory, last_update, collection_id) values (314, 'Orange - Blood', '8CCcUw7v', 'deploy granular web services', 390, 28, '2021-12-10', 10);
insert into store_product (id, title, slug, description, unit_price, inventory, last_update, collection_id) values (315, 'Bar Nature Valley', 'a4e63UJ', 'empower killer interfaces', 643, 31, '2022-10-20', 7);
insert into store_product (id, title, slug, description, unit_price, inventory, last_update, collection_id) values (316, 'Sesame Seed', 'PzfGMTo', 'productize web-enabled partnerships', 850, 42, '2022-07-18', 7);
insert into store_product (id, title, slug, description, unit_price, inventory, last_update, collection_id) values (317, 'Oil - Avocado', 'jWwO35Fbi', 'leverage clicks-and-mortar e-services', 865, 49, '2022-10-09', 3);
insert into store_product (id, title, slug, description, unit_price, inventory, last_update, collection_id) values (318, 'Beer - Rickards Red', 'y1WWeh', 'orchestrate innovative action-items', 433, 19, '2022-06-15', 1);
insert into store_product (id, title, slug, description, unit_price, inventory, last_update, collection_id) values (319, 'Wine - Fat Bastard Merlot', 'wBHwTZ', 'harness sticky schemas', 209, 17, '2022-05-21', 10);
insert into store_product (id, title, slug, description, unit_price, inventory, last_update, collection_id) values (320, 'Creme De Banane - Marie', 'tQ3P6c', 'brand revolutionary e-commerce', 246, 21, '2022-09-05', 8);
insert into store_product (id, title, slug, description, unit_price, inventory, last_update, collection_id) values (321, 'Arrowroot', 'FdYc3eU', 'grow 24/7 markets', 199, 11, '2022-10-03', 8);
insert into store_product (id, title, slug, description, unit_price, inventory, last_update, collection_id) values (322, 'Wine - Casillero Deldiablo', 'dyPEqjbNmIp', 'engineer cross-media portals', 66, 25, '2021-11-22', 9);
insert into store_product (id, title, slug, description, unit_price, inventory, last_update, collection_id) values (323, 'Wine - Rhine Riesling Wolf Blass', '2mKqERkJ6Il', 'orchestrate e-business niches', 10, 36, '2021-12-09', 1);
insert into store_product (id, title, slug, description, unit_price, inventory, last_update, collection_id) values (324, 'Cape Capensis - Fillet', 'YA1zgP', 'syndicate one-to-one interfaces', 395, 17, '2021-12-20', 6);
insert into store_product (id, title, slug, description, unit_price, inventory, last_update, collection_id) values (325, 'Mince Meat - Filling', '6EcoDzu0wa', 'empower leading-edge web-readiness', 992, 17, '2022-06-14', 1);
insert into store_product (id, title, slug, description, unit_price, inventory, last_update, collection_id) values (326, 'Sea Bass - Whole', 'mXxmJWCzyy3u', 'architect next-generation solutions', 554, 14, '2022-03-30', 1);
insert into store_product (id, title, slug, description, unit_price, inventory, last_update, collection_id) values (327, 'Alize Gold Passion', 'jcpOeBk', 'maximize next-generation architectures', 196, 28, '2021-12-01', 6);
insert into store_product (id, title, slug, description, unit_price, inventory, last_update, collection_id) values (328, 'Kolrabi', 'qhtDUFLlo', 'optimize virtual action-items', 660, 15, '2022-05-02', 6);
insert into store_product (id, title, slug, description, unit_price, inventory, last_update, collection_id) values (329, 'Muffin Mix - Blueberry', '8z9nfwu8T', 'evolve cutting-edge platforms', 38, 39, '2022-03-05', 10);
insert into store_product (id, title, slug, description, unit_price, inventory, last_update, collection_id) values (330, 'Watercress', 'FPWkaFxEcwtZ', 'redefine mission-critical metrics', 591, 35, '2022-09-16', 6);
insert into store_product (id, title, slug, description, unit_price, inventory, last_update, collection_id) values (331, 'Sauce - Black Current, Dry Mix', 'Q1uIyX', 'monetize dot-com metrics', 958, 42, '2022-09-30', 1);
insert into store_product (id, title, slug, description, unit_price, inventory, last_update, collection_id) values (332, 'Lamb - Whole, Frozen', 'MA3cqPTpMx', 'productize rich deliverables', 426, 12, '2021-12-13', 2);
insert into store_product (id, title, slug, description, unit_price, inventory, last_update, collection_id) values (333, 'Beets - Pickled', 'PJ1v4xZ', 'engineer 24/7 deliverables', 372, 42, '2022-10-26', 8);
insert into store_product (id, title, slug, description, unit_price, inventory, last_update, collection_id) values (334, 'Beef Dry Aged Tenderloin Aaa', 'cSTuIu', 'iterate visionary portals', 690, 31, '2022-02-10', 2);
insert into store_product (id, title, slug, description, unit_price, inventory, last_update, collection_id) values (335, 'Lamb Leg - Bone - In Nz', 'TDWRzsLSUnqK', 'syndicate wireless schemas', 621, 39, '2022-07-14', 2);
insert into store_product (id, title, slug, description, unit_price, inventory, last_update, collection_id) values (336, 'Wine - Magnotta - Red, Baco', 'VM2xdXyFeF', 'brand visionary deliverables', 890, 50, '2022-07-23', 3);
insert into store_product (id, title, slug, description, unit_price, inventory, last_update, collection_id) values (337, 'Sobe - Orange Carrot', '315Pd3S', 'utilize collaborative platforms', 982, 21, '2022-05-14', 7);
insert into store_product (id, title, slug, description, unit_price, inventory, last_update, collection_id) values (338, 'Chips Potato Salt Vinegar 43g', 'DaBjlCSyYWJH', 'incentivize scalable channels', 573, 18, '2022-09-03', 10);
insert into store_product (id, title, slug, description, unit_price, inventory, last_update, collection_id) values (339, 'Wine - White, Ej', 'zZsEc3FEZ9X', 'transform bricks-and-clicks e-commerce', 414, 38, '2022-09-11', 1);
insert into store_product (id, title, slug, description, unit_price, inventory, last_update, collection_id) values (340, 'Amarula Cream', 'sUO2787XPSFA', 'visualize compelling interfaces', 281, 35, '2021-12-21', 9);
insert into store_product (id, title, slug, description, unit_price, inventory, last_update, collection_id) values (341, 'Soup - Campbells Beef Strogonoff', 'mBhBKhzuX1', 'transform bricks-and-clicks niches', 136, 38, '2022-02-10', 3);
insert into store_product (id, title, slug, description, unit_price, inventory, last_update, collection_id) values (342, 'Wine - Red, Antinori Santa', '0eEcDI', 'redefine wireless deliverables', 250, 35, '2022-11-09', 2);
insert into store_product (id, title, slug, description, unit_price, inventory, last_update, collection_id) values (343, 'Jagermeister', 'VTgSz5KzQTr', 'deliver efficient deliverables', 991, 46, '2022-03-14', 10);
insert into store_product (id, title, slug, description, unit_price, inventory, last_update, collection_id) values (344, 'Dc Hikiage Hira Huba', 'c2rjsUNzVvr', 'harness user-centric partnerships', 160, 35, '2022-09-12', 7);
insert into store_product (id, title, slug, description, unit_price, inventory, last_update, collection_id) values (345, 'Graham Cracker Mix', 'RBsBA6k8fv', 'aggregate bleeding-edge markets', 862, 23, '2022-08-26', 1);
insert into store_product (id, title, slug, description, unit_price, inventory, last_update, collection_id) values (346, 'Flavouring Vanilla Artificial', 'JNJAXUd', 'empower open-source web-readiness', 741, 19, '2022-01-03', 10);
insert into store_product (id, title, slug, description, unit_price, inventory, last_update, collection_id) values (347, 'Lettuce - Spring Mix', 'lKCXjijPQzrp', 'aggregate front-end paradigms', 931, 48, '2022-07-19', 4);
insert into store_product (id, title, slug, description, unit_price, inventory, last_update, collection_id) values (348, 'Sauce - Ranch Dressing', 'FnEMCHvO', 'synthesize integrated vortals', 281, 22, '2021-11-16', 6);
insert into store_product (id, title, slug, description, unit_price, inventory, last_update, collection_id) values (349, 'Soup - Tomato Mush. Florentine', '9gU2vIYo', 'recontextualize B2B experiences', 556, 42, '2022-10-23', 9);
insert into store_product (id, title, slug, description, unit_price, inventory, last_update, collection_id) values (350, 'Blouse / Shirt / Sweater', 'u0mTuUQYJqsK', 'implement transparent initiatives', 750, 40, '2022-06-16', 2);
insert into store_product (id, title, slug, description, unit_price, inventory, last_update, collection_id) values (351, 'Juice - Orange', 'apSUECS', 'disintermediate distributed ROI', 37, 37, '2021-12-27', 10);
insert into store_product (id, title, slug, description, unit_price, inventory, last_update, collection_id) values (352, 'Rice Paper', 'aRC5eCC', 'matrix holistic ROI', 343, 25, '2022-06-11', 2);
insert into store_product (id, title, slug, description, unit_price, inventory, last_update, collection_id) values (353, 'Fish - Soup Base, Bouillon', 'bfrJRfT9T', 'morph open-source content', 296, 31, '2022-08-24', 2);
insert into store_product (id, title, slug, description, unit_price, inventory, last_update, collection_id) values (354, 'Peach - Halves', '0ZtmMWwkFQPX', 'streamline cross-media niches', 325, 17, '2022-01-19', 10);
insert into store_product (id, title, slug, description, unit_price, inventory, last_update, collection_id) values (355, 'Wine - Trimbach Pinot Blanc', 'dTTypEku', 'enable compelling models', 195, 35, '2022-09-05', 5);
insert into store_product (id, title, slug, description, unit_price, inventory, last_update, collection_id) values (356, 'Mushroom - Portebello', 'dgo4k7iZbKAb', 'extend rich portals', 926, 12, '2021-12-06', 6);
insert into store_product (id, title, slug, description, unit_price, inventory, last_update, collection_id) values (357, 'Fudge - Cream Fudge', 'RKbhh9bq', 'architect leading-edge e-commerce', 122, 41, '2022-04-10', 10);
insert into store_product (id, title, slug, description, unit_price, inventory, last_update, collection_id) values (358, 'Hagen Daza - Dk Choocolate', 'Yw0wsqgnTR', 'drive compelling metrics', 289, 31, '2022-02-10', 4);
insert into store_product (id, title, slug, description, unit_price, inventory, last_update, collection_id) values (359, 'Sour Puss Raspberry', 'i3Udqcj4DoQu', 'harness dot-com convergence', 620, 29, '2022-11-06', 6);
insert into store_product (id, title, slug, description, unit_price, inventory, last_update, collection_id) values (360, 'Celery', 'px39Ri', 'revolutionize e-business e-business', 746, 23, '2022-10-10', 8);
insert into store_product (id, title, slug, description, unit_price, inventory, last_update, collection_id) values (361, 'Capon - Breast, Wing On', 'oXSp3J', 'grow virtual applications', 557, 20, '2022-05-16', 6);
insert into store_product (id, title, slug, description, unit_price, inventory, last_update, collection_id) values (362, 'Creme De Cacao White', 'V1a5NTIvq', 'syndicate robust systems', 40, 24, '2022-10-01', 9);
insert into store_product (id, title, slug, description, unit_price, inventory, last_update, collection_id) values (363, 'Scallops - 20/30', 'sZja17ROMKQw', 'deliver visionary metrics', 691, 38, '2021-12-14', 9);
insert into store_product (id, title, slug, description, unit_price, inventory, last_update, collection_id) values (364, 'Wine - White, Lindemans Bin 95', 'lA1Pm3ioQX', 'reintermediate dot-com e-services', 663, 34, '2022-09-19', 1);
insert into store_product (id, title, slug, description, unit_price, inventory, last_update, collection_id) values (365, 'Pasta - Tortellini, Fresh', 'ehV8q41mt7Vh', 'whiteboard scalable e-tailers', 695, 48, '2022-01-12', 8);
insert into store_product (id, title, slug, description, unit_price, inventory, last_update, collection_id) values (366, 'Vermouth - Sweet, Cinzano', 'Q6j74L', 'expedite e-business solutions', 996, 48, '2022-10-08', 3);
insert into store_product (id, title, slug, description, unit_price, inventory, last_update, collection_id) values (367, 'Cheese - Asiago', 'c7Zk30M', 'mesh ubiquitous infrastructures', 893, 37, '2022-08-24', 1);
insert into store_product (id, title, slug, description, unit_price, inventory, last_update, collection_id) values (368, 'Tuna - Yellowfin', 'jMU5DvaYz', 'morph sexy technologies', 332, 26, '2022-07-12', 3);
insert into store_product (id, title, slug, description, unit_price, inventory, last_update, collection_id) values (369, 'Wine - Magnotta, White', 'O9ZL2cFJTCF', 'innovate visionary communities', 129, 13, '2022-02-03', 7);
insert into store_product (id, title, slug, description, unit_price, inventory, last_update, collection_id) values (370, 'Vector Energy Bar', 'rOjg74', 'strategize user-centric architectures', 193, 20, '2022-04-30', 6);
insert into store_product (id, title, slug, description, unit_price, inventory, last_update, collection_id) values (371, 'Grapefruit - White', '1DNIavvES', 'iterate rich functionalities', 352, 49, '2021-11-19', 5);
insert into store_product (id, title, slug, description, unit_price, inventory, last_update, collection_id) values (372, 'Cabbage - Savoy', 'iRPJs3q5', 'aggregate ubiquitous synergies', 119, 42, '2022-06-24', 9);
insert into store_product (id, title, slug, description, unit_price, inventory, last_update, collection_id) values (373, 'Worcestershire Sauce', 'RhxGNS', 'optimize granular portals', 43, 31, '2022-03-27', 2);
insert into store_product (id, title, slug, description, unit_price, inventory, last_update, collection_id) values (374, 'Haggis', 'GvplFRJIU', 'expedite cross-platform bandwidth', 188, 16, '2021-12-22', 6);
insert into store_product (id, title, slug, description, unit_price, inventory, last_update, collection_id) values (375, 'Syrup - Monin, Irish Cream', 'Zh47Rt2', 'enable turn-key content', 908, 27, '2022-01-21', 2);
insert into store_product (id, title, slug, description, unit_price, inventory, last_update, collection_id) values (376, 'Pear - Asian', 'mlj8GKmLQW', 'envisioneer distributed deliverables', 889, 38, '2022-01-17', 10);
insert into store_product (id, title, slug, description, unit_price, inventory, last_update, collection_id) values (377, 'Sea Bass - Whole', '2eLfqa9iDdN', 'scale back-end paradigms', 21, 16, '2022-09-08', 6);
insert into store_product (id, title, slug, description, unit_price, inventory, last_update, collection_id) values (378, 'Asparagus - Mexican', 'O11cjLF', 'synergize leading-edge methodologies', 759, 16, '2022-09-01', 1);
insert into store_product (id, title, slug, description, unit_price, inventory, last_update, collection_id) values (379, 'Relish', 'nFDvvNcgKmG', 'synergize best-of-breed paradigms', 24, 49, '2022-09-19', 1);
insert into store_product (id, title, slug, description, unit_price, inventory, last_update, collection_id) values (380, 'Oil - Pumpkinseed', 'ZLcVEVFe', 'unleash 24/365 supply-chains', 65, 15, '2022-06-27', 1);
insert into store_product (id, title, slug, description, unit_price, inventory, last_update, collection_id) values (381, 'Muffin Hinge Container 6', 'GC5vJu', 'leverage dot-com partnerships', 845, 42, '2022-09-28', 9);
insert into store_product (id, title, slug, description, unit_price, inventory, last_update, collection_id) values (382, 'Chicken - Whole Fryers', 'c8mK8Y9W', 'mesh killer e-tailers', 925, 27, '2022-05-12', 10);
insert into store_product (id, title, slug, description, unit_price, inventory, last_update, collection_id) values (383, 'Flour - Strong Pizza', 'y61HMgtGw1pV', 'e-enable next-generation relationships', 759, 21, '2022-11-01', 6);
insert into store_product (id, title, slug, description, unit_price, inventory, last_update, collection_id) values (384, 'Soup - Campbells - Chicken Noodle', '6Va0PkQxANq', 'brand frictionless eyeballs', 454, 37, '2022-06-25', 7);
insert into store_product (id, title, slug, description, unit_price, inventory, last_update, collection_id) values (385, 'Nut - Peanut, Roasted', 'n3eU19BlL', 'architect efficient architectures', 231, 41, '2022-10-22', 1);
insert into store_product (id, title, slug, description, unit_price, inventory, last_update, collection_id) values (386, 'Mushroom - Shitake, Dry', 'nDtPy3Z5z', 'incubate plug-and-play content', 578, 12, '2022-10-19', 1);
insert into store_product (id, title, slug, description, unit_price, inventory, last_update, collection_id) values (387, 'Triple Sec - Mcguinness', 'EgDrT9B', 'enhance 24/365 schemas', 95, 21, '2022-01-30', 2);
insert into store_product (id, title, slug, description, unit_price, inventory, last_update, collection_id) values (388, 'Onions Granulated', 'RDmssK3YpFu0', 'embrace user-centric users', 884, 48, '2022-10-20', 9);
insert into store_product (id, title, slug, description, unit_price, inventory, last_update, collection_id) values (389, 'Rum - Spiced, Captain Morgan', '0u1psQLONg', 'integrate out-of-the-box models', 985, 17, '2021-11-28', 4);
insert into store_product (id, title, slug, description, unit_price, inventory, last_update, collection_id) values (390, 'Salmon - Atlantic, Skin On', 'tW4L8X', 'optimize impactful metrics', 675, 19, '2022-07-12', 2);
insert into store_product (id, title, slug, description, unit_price, inventory, last_update, collection_id) values (391, 'Beer - Camerons Auburn', 'oaaH7Vyu9', 'reinvent scalable e-markets', 31, 31, '2022-08-22', 4);
insert into store_product (id, title, slug, description, unit_price, inventory, last_update, collection_id) values (392, 'Liners - Baking Cups', 'PZS7qZrrbLOf', 'maximize plug-and-play e-tailers', 398, 18, '2022-09-09', 2);
insert into store_product (id, title, slug, description, unit_price, inventory, last_update, collection_id) values (393, 'Beef Tenderloin Aaa', 'zdO3POPftX', 'drive end-to-end interfaces', 316, 10, '2022-09-10', 8);
insert into store_product (id, title, slug, description, unit_price, inventory, last_update, collection_id) values (394, 'Pepper - Red, Finger Hot', 'b3MPLH9', 'whiteboard innovative systems', 265, 42, '2022-05-25', 9);
insert into store_product (id, title, slug, description, unit_price, inventory, last_update, collection_id) values (395, 'Wine - Trimbach Pinot Blanc', '0h8HWZbvZvBT', 'maximize real-time web services', 372, 33, '2022-08-20', 2);
insert into store_product (id, title, slug, description, unit_price, inventory, last_update, collection_id) values (396, 'Capers - Pickled', 'lvRvn2', 'strategize leading-edge partnerships', 494, 25, '2022-09-16', 9);
insert into store_product (id, title, slug, description, unit_price, inventory, last_update, collection_id) values (397, 'Pepper - Chillies, Crushed', 'qcnrvQFF5v', 'repurpose rich bandwidth', 987, 21, '2022-09-21', 1);
insert into store_product (id, title, slug, description, unit_price, inventory, last_update, collection_id) values (398, 'Beef Dry Aged Tenderloin Aaa', 'jN1XkpZmYDV', 'repurpose turn-key models', 789, 14, '2022-07-05', 5);
insert into store_product (id, title, slug, description, unit_price, inventory, last_update, collection_id) values (399, 'Wine - Cabernet Sauvignon', '2ALP9ZTb', 'maximize dot-com convergence', 281, 16, '2021-11-27', 2);
insert into store_product (id, title, slug, description, unit_price, inventory, last_update, collection_id) values (400, 'Lady Fingers', 'xNMFfY', 'integrate turn-key initiatives', 526, 30, '2022-02-14', 6);
insert into store_product (id, title, slug, description, unit_price, inventory, last_update, collection_id) values (401, 'Fenngreek Seed', 'n8tbIOzb', 'unleash magnetic web services', 566, 24, '2022-02-12', 5);
insert into store_product (id, title, slug, description, unit_price, inventory, last_update, collection_id) values (402, 'Alize Gold Passion', 'UA98I5X6BU', 'exploit e-business systems', 668, 39, '2021-11-24', 1);
insert into store_product (id, title, slug, description, unit_price, inventory, last_update, collection_id) values (403, 'Crab - Soft Shell', 'ZxDwBoPv58J0', 'drive real-time interfaces', 580, 27, '2022-06-28', 5);
insert into store_product (id, title, slug, description, unit_price, inventory, last_update, collection_id) values (404, 'Toothpick Frilled', 'TmKXbFqXvm', 'implement virtual bandwidth', 309, 44, '2022-10-11', 2);
insert into store_product (id, title, slug, description, unit_price, inventory, last_update, collection_id) values (405, 'Pear - Packum', 'GJXYSeyizO0', 'recontextualize ubiquitous content', 924, 29, '2022-08-17', 5);
insert into store_product (id, title, slug, description, unit_price, inventory, last_update, collection_id) values (406, 'Egg - Salad Premix', 'ZwrOQ96', 'redefine real-time eyeballs', 896, 43, '2022-07-24', 3);
insert into store_product (id, title, slug, description, unit_price, inventory, last_update, collection_id) values (407, 'Cheese - Cottage Cheese', '2i5AeAGCO', 'revolutionize clicks-and-mortar metrics', 402, 37, '2022-01-09', 8);
insert into store_product (id, title, slug, description, unit_price, inventory, last_update, collection_id) values (408, 'Puree - Mango', '5hKci4JOd', 'productize frictionless platforms', 67, 37, '2022-07-10', 6);
insert into store_product (id, title, slug, description, unit_price, inventory, last_update, collection_id) values (409, 'Bread Fig And Almond', 'ohn3hJvP6P', 'strategize innovative applications', 528, 36, '2021-12-31', 6);
insert into store_product (id, title, slug, description, unit_price, inventory, last_update, collection_id) values (410, 'Fish - Scallops, Cold Smoked', 'KZHFiFUny', 'integrate cross-media systems', 479, 35, '2022-01-16', 4);
insert into store_product (id, title, slug, description, unit_price, inventory, last_update, collection_id) values (411, 'Brandy - Bar', 'N2jl2v', 'synthesize back-end content', 521, 35, '2022-08-11', 2);
insert into store_product (id, title, slug, description, unit_price, inventory, last_update, collection_id) values (412, 'Oil - Olive, Extra Virgin', '4HzBCA6', 'incubate robust e-commerce', 310, 39, '2022-06-11', 1);
insert into store_product (id, title, slug, description, unit_price, inventory, last_update, collection_id) values (413, 'Creme De Menth - White', 'vvxSDrFg', 'innovate synergistic content', 46, 20, '2022-10-18', 1);
insert into store_product (id, title, slug, description, unit_price, inventory, last_update, collection_id) values (414, 'Rum - White, Gg White', 'krQSUcP', 'implement compelling eyeballs', 542, 18, '2021-11-26', 1);
insert into store_product (id, title, slug, description, unit_price, inventory, last_update, collection_id) values (415, 'Ice Cream Bar - Rolo Cone', 'A3afpbbxPV', 'synergize integrated relationships', 283, 32, '2022-01-03', 10);
insert into store_product (id, title, slug, description, unit_price, inventory, last_update, collection_id) values (416, 'Cookie Dough - Chunky', '80gsh7fzvA', 'repurpose clicks-and-mortar metrics', 238, 22, '2022-03-13', 10);
insert into store_product (id, title, slug, description, unit_price, inventory, last_update, collection_id) values (417, 'Eggplant - Baby', 'R8MFK2KdK', 'whiteboard revolutionary functionalities', 400, 35, '2022-06-12', 10);
insert into store_product (id, title, slug, description, unit_price, inventory, last_update, collection_id) values (418, 'Flower - Commercial Bronze', 'x11ZxjSS5pk9', 'productize e-business infrastructures', 388, 35, '2022-02-02', 5);
insert into store_product (id, title, slug, description, unit_price, inventory, last_update, collection_id) values (419, 'Versatainer Nc - 888', '2ICWLJVZl', 'architect one-to-one technologies', 344, 28, '2022-07-09', 5);
insert into store_product (id, title, slug, description, unit_price, inventory, last_update, collection_id) values (420, 'Irish Cream - Baileys', 'X9rtSfoNgO', 'architect leading-edge e-markets', 946, 16, '2022-05-26', 10);
insert into store_product (id, title, slug, description, unit_price, inventory, last_update, collection_id) values (421, 'Tea - Herbal - 6 Asst', 'iLzaBFWDq', 'evolve B2B portals', 166, 12, '2021-12-22', 5);
insert into store_product (id, title, slug, description, unit_price, inventory, last_update, collection_id) values (422, 'Coffee Beans - Chocolate', 'mZ5OLoDmzsT', 'cultivate killer interfaces', 16, 26, '2022-05-12', 2);
insert into store_product (id, title, slug, description, unit_price, inventory, last_update, collection_id) values (423, 'Wine - Prosecco Valdobiaddene', '38h2bfJbfL', 'iterate seamless users', 861, 30, '2022-06-13', 9);
insert into store_product (id, title, slug, description, unit_price, inventory, last_update, collection_id) values (424, 'Pasta - Shells, Medium, Dry', '53rVy6dFolkp', 'envisioneer 24/365 eyeballs', 753, 46, '2022-06-04', 6);
insert into store_product (id, title, slug, description, unit_price, inventory, last_update, collection_id) values (425, 'Wine - Shiraz Wolf Blass Premium', 'ljwaIe', 'aggregate best-of-breed paradigms', 947, 33, '2022-07-13', 7);
insert into store_product (id, title, slug, description, unit_price, inventory, last_update, collection_id) values (426, 'Bagel - Sesame Seed Presliced', 'D8qFUG7', 'generate magnetic initiatives', 540, 29, '2022-02-20', 3);
insert into store_product (id, title, slug, description, unit_price, inventory, last_update, collection_id) values (427, 'Wine - Toasted Head', '7vA0fV3dAxaw', 'incentivize intuitive supply-chains', 276, 18, '2022-04-08', 1);
insert into store_product (id, title, slug, description, unit_price, inventory, last_update, collection_id) values (428, 'Cheese - Pont Couvert', 'UebUAVxelo0G', 'cultivate out-of-the-box models', 719, 15, '2022-01-13', 9);
insert into store_product (id, title, slug, description, unit_price, inventory, last_update, collection_id) values (429, 'Beans - Kidney, Red Dry', 'GtXlO4o', 'facilitate B2C vortals', 270, 15, '2022-07-29', 1);
insert into store_product (id, title, slug, description, unit_price, inventory, last_update, collection_id) values (430, 'Jagermeister', 'hLsUJvaFy', 'reinvent efficient architectures', 740, 42, '2021-11-12', 6);
insert into store_product (id, title, slug, description, unit_price, inventory, last_update, collection_id) values (431, 'Breakfast Quesadillas', 'owdNr9iZF', 'embrace global web-readiness', 205, 33, '2022-03-09', 5);
insert into store_product (id, title, slug, description, unit_price, inventory, last_update, collection_id) values (432, 'Galliano', 'YqfWpLW7f', 'visualize sticky networks', 124, 18, '2022-04-13', 8);
insert into store_product (id, title, slug, description, unit_price, inventory, last_update, collection_id) values (433, 'Pork - Ground', 'Si2eczr', 'productize magnetic web-readiness', 145, 44, '2022-02-11', 10);
insert into store_product (id, title, slug, description, unit_price, inventory, last_update, collection_id) values (434, 'Parsnip', '5tCaV6rGvOeg', 'redefine granular paradigms', 770, 42, '2022-09-27', 2);
insert into store_product (id, title, slug, description, unit_price, inventory, last_update, collection_id) values (435, 'Galliano', '36wDVD4vgAd', 'exploit back-end initiatives', 316, 21, '2021-11-18', 10);
insert into store_product (id, title, slug, description, unit_price, inventory, last_update, collection_id) values (436, 'Wine - Puligny Montrachet A.', 'orjD0HMq', 'enhance value-added e-markets', 80, 41, '2022-06-05', 1);
insert into store_product (id, title, slug, description, unit_price, inventory, last_update, collection_id) values (437, 'Potatoes - Pei 10 Oz', 'Z43rDLMem', 'revolutionize rich partnerships', 176, 44, '2022-01-03', 1);
insert into store_product (id, title, slug, description, unit_price, inventory, last_update, collection_id) values (438, 'Cheese Cloth No 60', '2cKUW8inwTs7', 'architect granular systems', 692, 16, '2022-01-30', 4);
insert into store_product (id, title, slug, description, unit_price, inventory, last_update, collection_id) values (439, 'Extract Vanilla Pure', 'qunrx6ul', 'grow innovative applications', 64, 34, '2022-02-01', 5);
insert into store_product (id, title, slug, description, unit_price, inventory, last_update, collection_id) values (440, 'Gloves - Goldtouch Disposable', 'EYJyHxpdk9f', 'generate bricks-and-clicks infomediaries', 459, 19, '2022-07-24', 7);
insert into store_product (id, title, slug, description, unit_price, inventory, last_update, collection_id) values (441, 'Wine - Sauvignon Blanc Oyster', 'R2bRFs1rrd', 'morph global applications', 698, 23, '2022-05-17', 8);
insert into store_product (id, title, slug, description, unit_price, inventory, last_update, collection_id) values (442, 'Chicken - Leg, Fresh', '3K9S2qynfhO', 'integrate real-time ROI', 699, 19, '2022-10-25', 2);
insert into store_product (id, title, slug, description, unit_price, inventory, last_update, collection_id) values (443, 'Blue Curacao - Marie Brizard', 'rUMKVXkCj2YY', 'redefine interactive infomediaries', 965, 31, '2022-10-29', 5);
insert into store_product (id, title, slug, description, unit_price, inventory, last_update, collection_id) values (444, 'Beer - True North Lager', 'tj6j59rQKQ', 'deploy dot-com experiences', 936, 43, '2021-11-12', 7);
insert into store_product (id, title, slug, description, unit_price, inventory, last_update, collection_id) values (445, 'Lettuce - Romaine', 'D2AoRqsNsNx', 'facilitate transparent supply-chains', 288, 27, '2022-04-30', 3);
insert into store_product (id, title, slug, description, unit_price, inventory, last_update, collection_id) values (446, 'Long Island Ice Tea', 'bNKh2Qein4Y', 'matrix holistic web services', 84, 46, '2022-02-25', 8);
insert into store_product (id, title, slug, description, unit_price, inventory, last_update, collection_id) values (447, 'Artichoke - Hearts, Canned', '4SwDkXX41b', 'reintermediate sexy relationships', 903, 16, '2022-07-28', 5);
insert into store_product (id, title, slug, description, unit_price, inventory, last_update, collection_id) values (448, 'Coke - Classic, 355 Ml', 'AVezf6IXter', 'enhance user-centric e-tailers', 470, 35, '2022-10-07', 8);
insert into store_product (id, title, slug, description, unit_price, inventory, last_update, collection_id) values (449, 'Sprouts - Pea', 'fKxz932FQX9', 'revolutionize granular infomediaries', 463, 36, '2022-02-11', 4);
insert into store_product (id, title, slug, description, unit_price, inventory, last_update, collection_id) values (450, 'Cake - Mini Cheesecake', 'Ii7vkQVRQmBr', 'mesh clicks-and-mortar deliverables', 143, 20, '2021-11-20', 8);
insert into store_product (id, title, slug, description, unit_price, inventory, last_update, collection_id) values (451, 'Tart Shells - Savory, 2', 'QtqL06tTyL', 'empower one-to-one eyeballs', 166, 44, '2022-07-19', 9);
insert into store_product (id, title, slug, description, unit_price, inventory, last_update, collection_id) values (452, 'Milk - 2% 250 Ml', 'pg74nV', 'matrix turn-key metrics', 426, 20, '2022-09-12', 7);
insert into store_product (id, title, slug, description, unit_price, inventory, last_update, collection_id) values (453, 'Icecream - Dibs', 'tUjgoTODKi', 'innovate innovative functionalities', 719, 22, '2022-05-19', 2);
insert into store_product (id, title, slug, description, unit_price, inventory, last_update, collection_id) values (454, 'Beef Wellington', 'ogtdKe5JIT0', 'evolve 24/365 partnerships', 83, 32, '2022-08-23', 3);
insert into store_product (id, title, slug, description, unit_price, inventory, last_update, collection_id) values (455, 'Scallops 60/80 Iqf', 'hgwryejs7q', 'synergize wireless supply-chains', 793, 30, '2022-01-29', 2);
insert into store_product (id, title, slug, description, unit_price, inventory, last_update, collection_id) values (456, 'Pork - Back, Long Cut, Boneless', 'ASoDw1GEOuCg', 'redefine turn-key ROI', 590, 30, '2022-01-18', 4);
insert into store_product (id, title, slug, description, unit_price, inventory, last_update, collection_id) values (457, 'Ecolab - Balanced Fusion', '9K7FINYQS', 'integrate end-to-end systems', 509, 17, '2022-05-17', 3);
insert into store_product (id, title, slug, description, unit_price, inventory, last_update, collection_id) values (458, 'Soupcontfoam16oz 116con', '3WQI6uQKA', 'revolutionize cross-platform e-markets', 746, 38, '2021-12-21', 1);
insert into store_product (id, title, slug, description, unit_price, inventory, last_update, collection_id) values (459, 'Wine - White, Chardonnay', 'hCDxHR2', 'e-enable best-of-breed infrastructures', 992, 10, '2022-04-20', 7);
insert into store_product (id, title, slug, description, unit_price, inventory, last_update, collection_id) values (460, 'Tuna - Sushi Grade', 'jXqjAcPeG', 'repurpose dot-com niches', 779, 28, '2022-03-18', 7);
insert into store_product (id, title, slug, description, unit_price, inventory, last_update, collection_id) values (461, 'Table Cloth 54x72 White', 'QcBkPrl', 'drive cross-media infrastructures', 378, 19, '2022-01-12', 8);
insert into store_product (id, title, slug, description, unit_price, inventory, last_update, collection_id) values (462, 'Beef - Ground Lean Fresh', 'rMiZ59WOZP8c', 'maximize revolutionary platforms', 930, 29, '2022-08-12', 4);
insert into store_product (id, title, slug, description, unit_price, inventory, last_update, collection_id) values (463, 'Muffin Mix - Morning Glory', 'TySlA3qxqCD', 'unleash best-of-breed technologies', 320, 28, '2022-05-10', 2);
insert into store_product (id, title, slug, description, unit_price, inventory, last_update, collection_id) values (464, 'Fond - Neutral', 'P7xCenJz', 'redefine plug-and-play eyeballs', 726, 18, '2022-10-06', 4);
insert into store_product (id, title, slug, description, unit_price, inventory, last_update, collection_id) values (465, 'Milkettes - 2%', '9KRtWwcK', 'cultivate bleeding-edge ROI', 579, 43, '2021-11-23', 9);
insert into store_product (id, title, slug, description, unit_price, inventory, last_update, collection_id) values (466, 'Flour - Bran, Red', 'c78IhN537', 'extend leading-edge e-business', 16, 34, '2022-02-14', 3);
insert into store_product (id, title, slug, description, unit_price, inventory, last_update, collection_id) values (467, 'Capon - Whole', 'K9u71Ga9pM', 'implement sexy web services', 79, 26, '2021-11-14', 6);
insert into store_product (id, title, slug, description, unit_price, inventory, last_update, collection_id) values (468, 'Cherries - Frozen', 'VRgPf5', 'transform dot-com content', 771, 49, '2022-02-18', 6);
insert into store_product (id, title, slug, description, unit_price, inventory, last_update, collection_id) values (469, 'Cleaner - Pine Sol', '0BmWrkuunlyI', 'benchmark transparent relationships', 95, 35, '2022-05-19', 4);
insert into store_product (id, title, slug, description, unit_price, inventory, last_update, collection_id) values (470, 'Bag Stand', 'jvhk0uzqyjy', 'empower 24/365 systems', 551, 44, '2022-11-05', 8);
insert into store_product (id, title, slug, description, unit_price, inventory, last_update, collection_id) values (471, 'Sprouts - Bean', 'sH2PNZZ0ZpX', 'orchestrate integrated networks', 926, 43, '2022-11-04', 3);
insert into store_product (id, title, slug, description, unit_price, inventory, last_update, collection_id) values (472, 'Spring Roll Wrappers', 'z3Oa9LO', 'grow open-source e-services', 695, 34, '2022-10-18', 1);
insert into store_product (id, title, slug, description, unit_price, inventory, last_update, collection_id) values (473, 'Okra', 'NhbB0FLIY9b', 'redefine bleeding-edge ROI', 101, 11, '2021-12-19', 8);
insert into store_product (id, title, slug, description, unit_price, inventory, last_update, collection_id) values (474, 'Veal - Inside', 'g4wGRGMy', 'redefine killer functionalities', 811, 29, '2022-10-20', 6);
insert into store_product (id, title, slug, description, unit_price, inventory, last_update, collection_id) values (475, 'Snapple Lemon Tea', 'i5DR3r4', 'strategize visionary infomediaries', 844, 27, '2022-08-21', 10);
insert into store_product (id, title, slug, description, unit_price, inventory, last_update, collection_id) values (476, 'Whmis Spray Bottle Graduated', 'vrDA5W', 'architect vertical e-services', 297, 48, '2022-11-04', 4);
insert into store_product (id, title, slug, description, unit_price, inventory, last_update, collection_id) values (477, 'Lid - High Heat, Super Clear', '3P0rJ3ANW', 'incubate user-centric applications', 273, 46, '2022-10-10', 7);
insert into store_product (id, title, slug, description, unit_price, inventory, last_update, collection_id) values (478, 'Thyme - Dried', 'IZA2gOD', 'deploy next-generation e-business', 629, 11, '2022-10-13', 1);
insert into store_product (id, title, slug, description, unit_price, inventory, last_update, collection_id) values (479, 'Coffee - 10oz Cup 92961', 'VfRyVm3jCBa6', 'iterate granular e-markets', 964, 31, '2022-09-07', 8);
insert into store_product (id, title, slug, description, unit_price, inventory, last_update, collection_id) values (480, 'Pasta - Canelloni, Single Serve', 'hBr3YeK', 'leverage proactive infomediaries', 645, 12, '2022-04-01', 6);
insert into store_product (id, title, slug, description, unit_price, inventory, last_update, collection_id) values (481, 'Veal - Bones', '0j2epja4R', 'enable viral users', 31, 41, '2022-01-24', 3);
insert into store_product (id, title, slug, description, unit_price, inventory, last_update, collection_id) values (482, 'Crab - Meat Combo', 'hbldGVHkydpW', 'innovate bleeding-edge mindshare', 547, 44, '2022-03-07', 9);
insert into store_product (id, title, slug, description, unit_price, inventory, last_update, collection_id) values (483, 'Beer - Molson Excel', 'YcZ7n4HXd4', 'generate killer functionalities', 666, 34, '2022-06-16', 10);
insert into store_product (id, title, slug, description, unit_price, inventory, last_update, collection_id) values (484, 'Snapple Lemon Tea', 'kMcd2W9HaUB', 'incubate global technologies', 802, 27, '2021-12-04', 9);
insert into store_product (id, title, slug, description, unit_price, inventory, last_update, collection_id) values (485, 'Creme De Cacao White', 'K78ayz', 'benchmark sticky paradigms', 978, 19, '2022-03-14', 4);
insert into store_product (id, title, slug, description, unit_price, inventory, last_update, collection_id) values (486, 'Silicone Parch. 16.3x24.3', 'ENRUaPpYkU', 'facilitate bricks-and-clicks applications', 189, 29, '2021-12-16', 7);
insert into store_product (id, title, slug, description, unit_price, inventory, last_update, collection_id) values (487, 'Bread - Multigrain Oval', 'Pd6mR0Aj', 'evolve transparent methodologies', 12, 30, '2022-01-07', 8);
insert into store_product (id, title, slug, description, unit_price, inventory, last_update, collection_id) values (488, 'Tart Shells - Sweet, 4', 'jmeezeO1', 'mesh plug-and-play e-markets', 517, 25, '2022-02-09', 2);
insert into store_product (id, title, slug, description, unit_price, inventory, last_update, collection_id) values (489, 'Sproutsmustard Cress', 'ICvJukRmcx', 'enhance impactful supply-chains', 434, 41, '2021-12-31', 3);
insert into store_product (id, title, slug, description, unit_price, inventory, last_update, collection_id) values (490, 'Quail - Whole, Boneless', 'lZ5DAjkjlan', 'seize leading-edge interfaces', 866, 43, '2022-10-23', 8);
insert into store_product (id, title, slug, description, unit_price, inventory, last_update, collection_id) values (491, 'Dried Peach', 'Wxi1SwSyHX', 'reintermediate B2C bandwidth', 755, 21, '2022-06-26', 2);
insert into store_product (id, title, slug, description, unit_price, inventory, last_update, collection_id) values (492, 'Lettuce - Belgian Endive', 'akkkhALgg', 'aggregate mission-critical mindshare', 252, 48, '2022-03-02', 6);
insert into store_product (id, title, slug, description, unit_price, inventory, last_update, collection_id) values (493, 'Grapes - Black', 'FgtZRk7TL1', 'enhance scalable e-markets', 678, 34, '2022-04-10', 5);
insert into store_product (id, title, slug, description, unit_price, inventory, last_update, collection_id) values (494, 'Broom - Corn', 'evFhyw3Vz', 'deploy user-centric eyeballs', 443, 24, '2021-12-26', 10);
insert into store_product (id, title, slug, description, unit_price, inventory, last_update, collection_id) values (495, 'Beef - Ground, Extra Lean, Fresh', 'barIWK4', 'matrix granular models', 677, 39, '2022-05-30', 10);
insert into store_product (id, title, slug, description, unit_price, inventory, last_update, collection_id) values (496, 'Pastry - Key Limepoppy Seed Tea', 'jgAecckj', 'enhance global channels', 607, 36, '2022-01-30', 10);
insert into store_product (id, title, slug, description, unit_price, inventory, last_update, collection_id) values (497, 'Bananas', '9SWFeQ', 'enable clicks-and-mortar systems', 716, 41, '2022-04-05', 6);
insert into store_product (id, title, slug, description, unit_price, inventory, last_update, collection_id) values (498, 'Lighter - Bbq', 'B1IKmcZi6n', 'generate virtual e-tailers', 518, 18, '2022-07-06', 4);
insert into store_product (id, title, slug, description, unit_price, inventory, last_update, collection_id) values (499, 'Thyme - Lemon, Fresh', 'OcDJFeL', 'syndicate front-end functionalities', 338, 19, '2022-05-10', 4);
insert into store_product (id, title, slug, description, unit_price, inventory, last_update, collection_id) values (500, 'Kahlua', 'WnbUd8DGqSc', 'reinvent world-class synergies', 338, 27, '2022-06-30', 7);
insert into store_product (id, title, slug, description, unit_price, inventory, last_update, collection_id) values (501, 'Doilies - 8, Paper', 'dRUpcu3sEPh', 'engage extensible deliverables', 892, 43, '2022-07-18', 8);
insert into store_product (id, title, slug, description, unit_price, inventory, last_update, collection_id) values (502, 'Vol Au Vents', 'GgoW4itPHCj', 'brand granular web services', 75, 25, '2022-06-16', 5);
insert into store_product (id, title, slug, description, unit_price, inventory, last_update, collection_id) values (503, 'Cake - Box Window 10x10x2.5', 'il4wMvMvNu', 'maximize bricks-and-clicks models', 384, 38, '2022-01-06', 9);
insert into store_product (id, title, slug, description, unit_price, inventory, last_update, collection_id) values (504, 'Smoked Paprika', 'd5PxgAbGfQ', 'incentivize real-time ROI', 394, 15, '2022-10-10', 7);
insert into store_product (id, title, slug, description, unit_price, inventory, last_update, collection_id) values (505, 'Orange - Canned, Mandarin', 'JfPwmglCCi', 'drive strategic mindshare', 657, 10, '2022-06-01', 3);
insert into store_product (id, title, slug, description, unit_price, inventory, last_update, collection_id) values (506, 'Pastry - Cherry Danish - Mini', 'UfFPzi90gd', 'matrix granular systems', 506, 36, '2022-02-09', 3);
insert into store_product (id, title, slug, description, unit_price, inventory, last_update, collection_id) values (507, 'Wine - White, Antinore Orvieto', 'NA8si8v3Evfw', 'extend extensible eyeballs', 658, 13, '2022-05-10', 3);
insert into store_product (id, title, slug, description, unit_price, inventory, last_update, collection_id) values (508, 'Wine - Pinot Noir Pond Haddock', 'A3WkeHXU2', 'generate user-centric methodologies', 388, 20, '2021-12-28', 4);
insert into store_product (id, title, slug, description, unit_price, inventory, last_update, collection_id) values (509, 'Vinegar - Sherry', 'hrkeqW92Hix', 'aggregate user-centric e-tailers', 558, 14, '2022-01-06', 7);
insert into store_product (id, title, slug, description, unit_price, inventory, last_update, collection_id) values (510, 'Soup - Base Broth Chix', 'pEHy68xey', 'maximize web-enabled markets', 405, 36, '2022-06-12', 6);
insert into store_product (id, title, slug, description, unit_price, inventory, last_update, collection_id) values (511, 'Juice - Grape, White', 'b0LPkC2', 'benchmark granular architectures', 673, 14, '2022-04-01', 3);
insert into store_product (id, title, slug, description, unit_price, inventory, last_update, collection_id) values (512, 'Laundry - Bag Cloth', 'Vkqdje', 'iterate impactful convergence', 659, 50, '2022-02-25', 4);
insert into store_product (id, title, slug, description, unit_price, inventory, last_update, collection_id) values (513, 'Mangoes', 'x8wTpZSEaUnn', 'incubate best-of-breed markets', 190, 30, '2022-07-21', 10);
insert into store_product (id, title, slug, description, unit_price, inventory, last_update, collection_id) values (514, 'Thermometer Digital', 'LVNLEUe', 'facilitate out-of-the-box e-business', 596, 14, '2022-01-02', 8);
insert into store_product (id, title, slug, description, unit_price, inventory, last_update, collection_id) values (515, 'Nut - Hazelnut, Ground, Natural', 'SBgzDx', 'orchestrate holistic interfaces', 150, 12, '2022-05-15', 3);
insert into store_product (id, title, slug, description, unit_price, inventory, last_update, collection_id) values (516, 'Juice - Ocean Spray Cranberry', '00DnGD', 'harness e-business platforms', 246, 10, '2022-07-21', 2);
insert into store_product (id, title, slug, description, unit_price, inventory, last_update, collection_id) values (517, 'Bread - Italian Roll With Herbs', '9gkTidU', 'target integrated niches', 595, 28, '2022-09-25', 8);
insert into store_product (id, title, slug, description, unit_price, inventory, last_update, collection_id) values (518, 'Aspic - Clear', 'NEeB9690Q', 'strategize synergistic communities', 843, 41, '2022-09-01', 2);
insert into store_product (id, title, slug, description, unit_price, inventory, last_update, collection_id) values (519, 'Ginger - Fresh', 'mpdmVrFTt', 'innovate 24/365 functionalities', 620, 18, '2022-03-21', 5);
insert into store_product (id, title, slug, description, unit_price, inventory, last_update, collection_id) values (520, 'Silicone Paper 16.5x24', 'mOMVA5whckzr', 'integrate open-source technologies', 114, 32, '2021-12-11', 7);
insert into store_product (id, title, slug, description, unit_price, inventory, last_update, collection_id) values (521, 'Cheese - Brie, Triple Creme', 'q4dvoSIU', 'benchmark vertical technologies', 877, 40, '2022-06-13', 10);
insert into store_product (id, title, slug, description, unit_price, inventory, last_update, collection_id) values (522, 'Flour - Semolina', '0qnnGnsAP', 'recontextualize end-to-end vortals', 542, 30, '2022-04-09', 2);
insert into store_product (id, title, slug, description, unit_price, inventory, last_update, collection_id) values (523, 'Egg - Salad Premix', '1CqFSxfJ', 'syndicate web-enabled functionalities', 36, 50, '2022-09-11', 6);
insert into store_product (id, title, slug, description, unit_price, inventory, last_update, collection_id) values (524, 'Turkey Leg With Drum And Thigh', '6kLRbJcqyU', 'recontextualize killer e-markets', 835, 28, '2022-09-29', 10);
insert into store_product (id, title, slug, description, unit_price, inventory, last_update, collection_id) values (525, 'Sauce - Soya, Light', 'drewrgtO9', 'iterate best-of-breed convergence', 930, 38, '2022-07-04', 6);
insert into store_product (id, title, slug, description, unit_price, inventory, last_update, collection_id) values (526, 'Appetizer - Sausage Rolls', 'NRLfIYz', 'generate world-class experiences', 283, 35, '2022-07-15', 9);
insert into store_product (id, title, slug, description, unit_price, inventory, last_update, collection_id) values (527, 'Tea - Darjeeling, Azzura', 'MNXdebXf', 'visualize impactful eyeballs', 52, 19, '2022-04-08', 3);
insert into store_product (id, title, slug, description, unit_price, inventory, last_update, collection_id) values (528, 'Coconut - Whole', '9SkgcaUzGF', 'grow cutting-edge users', 280, 39, '2022-02-24', 4);
insert into store_product (id, title, slug, description, unit_price, inventory, last_update, collection_id) values (529, 'Honey - Liquid', 'LrWuam', 'incubate compelling networks', 319, 28, '2021-12-06', 4);
insert into store_product (id, title, slug, description, unit_price, inventory, last_update, collection_id) values (530, 'Pop - Club Soda Can', 'Ipl6ek', 'morph wireless action-items', 300, 14, '2022-03-20', 6);
insert into store_product (id, title, slug, description, unit_price, inventory, last_update, collection_id) values (531, 'Halibut - Fletches', 'ITZ7DAkEUdHP', 'envisioneer clicks-and-mortar initiatives', 243, 14, '2022-06-14', 1);
insert into store_product (id, title, slug, description, unit_price, inventory, last_update, collection_id) values (532, 'Beef - Rouladin, Sliced', 'U6amfXV', 'grow dynamic communities', 423, 11, '2022-10-11', 5);
insert into store_product (id, title, slug, description, unit_price, inventory, last_update, collection_id) values (533, 'Mix - Cocktail Ice Cream', 'LSxRTfzxM', 'evolve frictionless solutions', 970, 42, '2021-12-24', 9);
insert into store_product (id, title, slug, description, unit_price, inventory, last_update, collection_id) values (534, 'Tomatoes - Vine Ripe, Red', '1YRod7h', 'synthesize web-enabled networks', 1000, 34, '2022-02-04', 5);
insert into store_product (id, title, slug, description, unit_price, inventory, last_update, collection_id) values (535, 'Butter Sweet', '4tdjFfuncAr', 'revolutionize out-of-the-box functionalities', 505, 20, '2022-06-17', 3);
insert into store_product (id, title, slug, description, unit_price, inventory, last_update, collection_id) values (536, 'Pesto - Primerba, Paste', 'DmKiRb', 'exploit cross-platform vortals', 251, 14, '2022-08-25', 1);
insert into store_product (id, title, slug, description, unit_price, inventory, last_update, collection_id) values (537, 'Bread - Multigrain, Loaf', '4nLNQwU', 'incentivize cross-media e-tailers', 577, 20, '2022-08-30', 2);
insert into store_product (id, title, slug, description, unit_price, inventory, last_update, collection_id) values (538, 'Cabbage - Red', 'e3tTdn', 'enhance cross-platform users', 91, 27, '2022-05-10', 8);
insert into store_product (id, title, slug, description, unit_price, inventory, last_update, collection_id) values (539, 'Wine - Red, Lurton Merlot De', 'sMwXkIupS9', 'benchmark back-end e-business', 723, 15, '2022-10-01', 9);
insert into store_product (id, title, slug, description, unit_price, inventory, last_update, collection_id) values (540, 'Crab - Dungeness, Whole', 'AduWGvT0oHi1', 'revolutionize synergistic e-services', 456, 20, '2021-12-09', 7);
insert into store_product (id, title, slug, description, unit_price, inventory, last_update, collection_id) values (541, 'Dr. Pepper - 355ml', '8Er6izf1', 'syndicate sexy supply-chains', 134, 41, '2021-11-19', 3);
insert into store_product (id, title, slug, description, unit_price, inventory, last_update, collection_id) values (542, 'Jack Daniels', 'BbCv3s0', 'unleash revolutionary vortals', 140, 29, '2022-01-07', 1);
insert into store_product (id, title, slug, description, unit_price, inventory, last_update, collection_id) values (543, 'Cheese - Manchego, Spanish', '7slHcSa7', 'monetize ubiquitous e-markets', 137, 35, '2022-10-16', 2);
insert into store_product (id, title, slug, description, unit_price, inventory, last_update, collection_id) values (544, 'Coffee Guatemala Dark', 'BcfkJSFzAwtV', 'target virtual relationships', 275, 49, '2022-11-05', 5);
insert into store_product (id, title, slug, description, unit_price, inventory, last_update, collection_id) values (545, 'Foil Wrap', '8T2lsjWmPM', 'iterate granular architectures', 627, 22, '2022-02-14', 8);
insert into store_product (id, title, slug, description, unit_price, inventory, last_update, collection_id) values (546, 'Fennel', 'oGv0ZitVNz', 'whiteboard scalable eyeballs', 144, 35, '2021-12-30', 7);
insert into store_product (id, title, slug, description, unit_price, inventory, last_update, collection_id) values (547, 'Truffle - Whole Black Peeled', 'v827eGqM0a', 'enhance end-to-end channels', 703, 17, '2022-07-23', 7);
insert into store_product (id, title, slug, description, unit_price, inventory, last_update, collection_id) values (548, 'Mustard - Dijon', 'JsfRcV', 'cultivate turn-key e-tailers', 494, 43, '2021-11-26', 7);
insert into store_product (id, title, slug, description, unit_price, inventory, last_update, collection_id) values (549, 'Flour - Semolina', 'Ny0b8Nbof4', 'harness one-to-one platforms', 382, 10, '2022-09-02', 9);
insert into store_product (id, title, slug, description, unit_price, inventory, last_update, collection_id) values (550, 'Buffalo - Short Rib Fresh', '4TqeFfi', 'generate cutting-edge functionalities', 706, 23, '2021-12-26', 4);
insert into store_product (id, title, slug, description, unit_price, inventory, last_update, collection_id) values (551, 'Foam Espresso Cup Plain White', 'Z293DH', 'architect collaborative technologies', 351, 11, '2022-05-24', 1);
insert into store_product (id, title, slug, description, unit_price, inventory, last_update, collection_id) values (552, 'Cheese - Ermite Bleu', 'dAcCnfU', 'repurpose back-end networks', 375, 40, '2022-01-16', 10);
insert into store_product (id, title, slug, description, unit_price, inventory, last_update, collection_id) values (553, 'Turnip - White', 'Hwj0eXio', 'envisioneer front-end technologies', 671, 41, '2022-03-17', 7);
insert into store_product (id, title, slug, description, unit_price, inventory, last_update, collection_id) values (554, 'Nantucket Cranberry Juice', 'OgHJpEF1Y', 'strategize clicks-and-mortar paradigms', 641, 15, '2022-08-15', 2);
insert into store_product (id, title, slug, description, unit_price, inventory, last_update, collection_id) values (555, 'Paper Towel Touchless', 'YjW7uWa', 'reintermediate dot-com networks', 420, 48, '2022-08-25', 7);
insert into store_product (id, title, slug, description, unit_price, inventory, last_update, collection_id) values (556, 'Oven Mitt - 13 Inch', 'wLUHVIQ65bo', 'facilitate virtual initiatives', 566, 43, '2022-10-12', 7);
insert into store_product (id, title, slug, description, unit_price, inventory, last_update, collection_id) values (557, 'Gatorade - Fruit Punch', 'etl1tEehIa8', 'enhance next-generation users', 672, 11, '2022-08-02', 1);
insert into store_product (id, title, slug, description, unit_price, inventory, last_update, collection_id) values (558, 'Truffle Paste', 'aHbu4kk81Z3', 'integrate back-end metrics', 591, 25, '2022-02-06', 1);
insert into store_product (id, title, slug, description, unit_price, inventory, last_update, collection_id) values (559, 'Bread - Bagels, Mini', 'Z1XoQGPdZD', 'mesh visionary infomediaries', 160, 23, '2022-08-29', 6);
insert into store_product (id, title, slug, description, unit_price, inventory, last_update, collection_id) values (560, 'Milk - 1%', 'NZdLqXlv', 'empower real-time solutions', 373, 46, '2022-09-18', 6);
insert into store_product (id, title, slug, description, unit_price, inventory, last_update, collection_id) values (561, 'Smirnoff Green Apple Twist', 'DkdCRLrG', 'implement intuitive convergence', 655, 34, '2022-01-19', 5);
insert into store_product (id, title, slug, description, unit_price, inventory, last_update, collection_id) values (562, 'Chinese Lemon Pork', 'onNglQlm', 'revolutionize efficient web-readiness', 251, 14, '2022-09-20', 9);
insert into store_product (id, title, slug, description, unit_price, inventory, last_update, collection_id) values (563, 'Soup - French Can Pea', '2H9fJD3V', 'architect granular infomediaries', 73, 40, '2022-08-09', 10);
insert into store_product (id, title, slug, description, unit_price, inventory, last_update, collection_id) values (564, 'Muffin Orange Individual', 'wfDSGn', 'target sticky e-markets', 371, 13, '2022-05-29', 1);
insert into store_product (id, title, slug, description, unit_price, inventory, last_update, collection_id) values (565, 'Bread - Pain Au Liat X12', 'ZPYi4V1Cwd', 'enable leading-edge deliverables', 579, 46, '2022-08-27', 3);
insert into store_product (id, title, slug, description, unit_price, inventory, last_update, collection_id) values (566, 'Fuji Apples', 'exOcKgP0DI1', 'facilitate web-enabled communities', 648, 29, '2022-02-02', 9);
insert into store_product (id, title, slug, description, unit_price, inventory, last_update, collection_id) values (567, 'Pickles - Gherkins', 'oFwnNg', 'productize vertical platforms', 244, 25, '2022-05-11', 1);
insert into store_product (id, title, slug, description, unit_price, inventory, last_update, collection_id) values (568, 'Oil - Safflower', 'VfGX61W0Dr', 'utilize out-of-the-box action-items', 914, 41, '2022-04-05', 2);
insert into store_product (id, title, slug, description, unit_price, inventory, last_update, collection_id) values (569, 'Bay Leaf Fresh', 'QmUVdDwK1LDV', 'leverage out-of-the-box convergence', 99, 42, '2022-05-30', 10);
insert into store_product (id, title, slug, description, unit_price, inventory, last_update, collection_id) values (570, 'Radish - Pickled', 'sdy3uW', 'facilitate sexy solutions', 192, 38, '2022-03-17', 10);
insert into store_product (id, title, slug, description, unit_price, inventory, last_update, collection_id) values (571, 'Pork - Side Ribs', 'frWm7rCo1lY', 'matrix seamless web-readiness', 710, 35, '2022-09-25', 7);
insert into store_product (id, title, slug, description, unit_price, inventory, last_update, collection_id) values (572, 'Lamb Rack - Ontario', 'Ge9suR4', 'incentivize transparent vortals', 658, 16, '2022-08-22', 1);
insert into store_product (id, title, slug, description, unit_price, inventory, last_update, collection_id) values (573, 'Snapple Raspberry Tea', 'bnoNG9zWM', 'scale transparent functionalities', 1000, 47, '2021-12-07', 10);
insert into store_product (id, title, slug, description, unit_price, inventory, last_update, collection_id) values (574, 'Nantucket - Carrot Orange', '7WtMqgz9je', 'repurpose best-of-breed e-services', 573, 49, '2022-11-02', 3);
insert into store_product (id, title, slug, description, unit_price, inventory, last_update, collection_id) values (575, 'Beef - Ground, Extra Lean, Fresh', 'j2jbzJTp8H4Z', 'innovate compelling paradigms', 705, 42, '2021-11-11', 3);
insert into store_product (id, title, slug, description, unit_price, inventory, last_update, collection_id) values (576, 'Bandage - Finger Cots', 'Ftodf5Y', 'enhance strategic partnerships', 669, 28, '2021-11-18', 2);
insert into store_product (id, title, slug, description, unit_price, inventory, last_update, collection_id) values (577, 'Nori Sea Weed', 'ae3yRv', 'benchmark 24/7 functionalities', 114, 18, '2022-01-11', 8);
insert into store_product (id, title, slug, description, unit_price, inventory, last_update, collection_id) values (578, 'Goat - Leg', 'Oz4DRmE', 'evolve world-class e-business', 485, 34, '2022-10-30', 4);
insert into store_product (id, title, slug, description, unit_price, inventory, last_update, collection_id) values (579, 'Butter - Salted', '6aeimlZ', 'morph plug-and-play networks', 609, 15, '2022-01-23', 5);
insert into store_product (id, title, slug, description, unit_price, inventory, last_update, collection_id) values (580, 'Potatoes - Parissienne', '3iBRm1p7o8eR', 'utilize frictionless vortals', 697, 25, '2022-05-24', 9);
insert into store_product (id, title, slug, description, unit_price, inventory, last_update, collection_id) values (581, 'Icecream - Dstk Cml And Fdg', 'EvDSZTWiWa1', 'benchmark leading-edge synergies', 946, 19, '2022-08-18', 3);
insert into store_product (id, title, slug, description, unit_price, inventory, last_update, collection_id) values (582, 'Beef - Montreal Smoked Brisket', 'a4N2Gkk2uHlf', 'brand turn-key technologies', 191, 14, '2022-10-11', 2);
insert into store_product (id, title, slug, description, unit_price, inventory, last_update, collection_id) values (583, 'Swordfish Loin Portions', 'NkNyQwrYGurp', 'grow collaborative e-commerce', 817, 14, '2022-01-11', 9);
insert into store_product (id, title, slug, description, unit_price, inventory, last_update, collection_id) values (584, 'Stock - Fish', 'IZo7z8ca', 'monetize ubiquitous initiatives', 967, 12, '2021-11-15', 9);
insert into store_product (id, title, slug, description, unit_price, inventory, last_update, collection_id) values (585, 'Madeira', 'EJfzdxISTUHH', 'brand one-to-one infomediaries', 602, 12, '2022-08-03', 7);
insert into store_product (id, title, slug, description, unit_price, inventory, last_update, collection_id) values (586, 'Nantuket Peach Orange', 'oOsWzgQG', 'implement open-source convergence', 595, 43, '2022-10-13', 9);
insert into store_product (id, title, slug, description, unit_price, inventory, last_update, collection_id) values (587, 'Cheese - Mix', 'qdxx2R0', 'whiteboard frictionless channels', 918, 38, '2022-10-29', 10);
insert into store_product (id, title, slug, description, unit_price, inventory, last_update, collection_id) values (588, 'Piping Jelly - All Colours', 'fm5gfhyCh', 'facilitate end-to-end niches', 212, 44, '2022-04-16', 2);
insert into store_product (id, title, slug, description, unit_price, inventory, last_update, collection_id) values (589, 'Chivas Regal - 12 Year Old', '5a549hRn6D', 'redefine compelling applications', 321, 32, '2021-11-25', 10);
insert into store_product (id, title, slug, description, unit_price, inventory, last_update, collection_id) values (590, 'Wine - Spumante Bambino White', 'Pl7Jx9ut', 'transform cross-media users', 616, 27, '2022-05-02', 4);
insert into store_product (id, title, slug, description, unit_price, inventory, last_update, collection_id) values (591, 'Rice - Jasmine Sented', 'Lx3faI', 'disintermediate clicks-and-mortar initiatives', 721, 36, '2022-07-08', 8);
insert into store_product (id, title, slug, description, unit_price, inventory, last_update, collection_id) values (592, 'Meldea Green Tea Liquor', 'nzI03mIq51f4', 'generate virtual markets', 537, 35, '2021-11-30', 4);
insert into store_product (id, title, slug, description, unit_price, inventory, last_update, collection_id) values (593, 'Loaf Pan - 2 Lb, Foil', 'cINEt5WC35J', 'target e-business supply-chains', 747, 35, '2022-07-14', 2);
insert into store_product (id, title, slug, description, unit_price, inventory, last_update, collection_id) values (594, 'Potatoes - Yukon Gold, 80 Ct', 'ZUSg8uIw1oS', 'incubate extensible interfaces', 14, 39, '2022-08-04', 2);
insert into store_product (id, title, slug, description, unit_price, inventory, last_update, collection_id) values (595, 'Pasta - Agnolotti - Butternut', 'l1i0sc0gkMX', 'enable virtual architectures', 985, 37, '2022-08-24', 5);
insert into store_product (id, title, slug, description, unit_price, inventory, last_update, collection_id) values (596, 'Roe - Flying Fish', 'tOA2gDJvm77', 'matrix B2B eyeballs', 512, 14, '2022-04-27', 5);
insert into store_product (id, title, slug, description, unit_price, inventory, last_update, collection_id) values (597, 'Lychee - Canned', 'ps4ZWgYKZV', 'orchestrate strategic models', 81, 35, '2022-08-19', 10);
insert into store_product (id, title, slug, description, unit_price, inventory, last_update, collection_id) values (598, 'Milkettes - 2%', 'e9wirUiHV', 'scale best-of-breed partnerships', 884, 10, '2022-02-15', 6);
insert into store_product (id, title, slug, description, unit_price, inventory, last_update, collection_id) values (599, 'Wine - Red, Cabernet Merlot', 'X5puvXSr4F', 'productize sticky experiences', 258, 49, '2022-05-02', 1);
insert into store_product (id, title, slug, description, unit_price, inventory, last_update, collection_id) values (600, 'French Kiss Vanilla', '57XjVgYd', 'evolve extensible bandwidth', 840, 43, '2022-02-16', 6);
insert into store_product (id, title, slug, description, unit_price, inventory, last_update, collection_id) values (601, 'Icecream - Dstk Strw Chseck', 'WmqPhCqv', 'orchestrate efficient e-markets', 74, 46, '2022-09-21', 5);
insert into store_product (id, title, slug, description, unit_price, inventory, last_update, collection_id) values (602, 'Zucchini - Mini, Green', '0BIAaXZSv', 'generate sticky schemas', 466, 37, '2022-01-15', 5);
insert into store_product (id, title, slug, description, unit_price, inventory, last_update, collection_id) values (603, 'Icecream - Dstk Cml And Fdg', 'RkLskl', 'strategize magnetic communities', 12, 38, '2021-11-23', 7);
insert into store_product (id, title, slug, description, unit_price, inventory, last_update, collection_id) values (604, 'Turkey - Oven Roast Breast', 'n0381uVJW0NC', 'extend B2C systems', 182, 13, '2022-08-15', 8);
insert into store_product (id, title, slug, description, unit_price, inventory, last_update, collection_id) values (605, 'Juice - Apple, 500 Ml', 'i20dgkoOgWD1', 'optimize synergistic architectures', 530, 20, '2021-12-27', 2);
insert into store_product (id, title, slug, description, unit_price, inventory, last_update, collection_id) values (606, 'White Baguette', 'K5gOUC4kK0PB', 'enable real-time methodologies', 292, 39, '2022-06-27', 6);
insert into store_product (id, title, slug, description, unit_price, inventory, last_update, collection_id) values (607, 'Sprouts - Alfalfa', 'BuTMJAp5PSMx', 'reintermediate integrated portals', 389, 44, '2022-05-22', 2);
insert into store_product (id, title, slug, description, unit_price, inventory, last_update, collection_id) values (608, 'Mushroom - Morels, Dry', 'DdVkxeW', 'architect e-business vortals', 189, 22, '2022-08-29', 6);
insert into store_product (id, title, slug, description, unit_price, inventory, last_update, collection_id) values (609, 'Bread - Roll, Whole Wheat', 'AC1A77oo', 'morph end-to-end schemas', 318, 48, '2022-01-05', 1);
insert into store_product (id, title, slug, description, unit_price, inventory, last_update, collection_id) values (610, 'Pastry - Choclate Baked', 'xJj6Cuun9II', 'expedite impactful web services', 587, 26, '2022-01-26', 6);
insert into store_product (id, title, slug, description, unit_price, inventory, last_update, collection_id) values (611, 'Beer - Muskoka Cream Ale', 'g4Y2C3Sni7u9', 'scale sexy architectures', 488, 27, '2021-12-05', 4);
insert into store_product (id, title, slug, description, unit_price, inventory, last_update, collection_id) values (612, 'Beans - Fava Fresh', 'StD1Wt', 'transition granular e-services', 73, 38, '2022-10-29', 9);
insert into store_product (id, title, slug, description, unit_price, inventory, last_update, collection_id) values (613, 'Longos - Grilled Chicken With', '8uzOjkE11zZA', 'transform virtual relationships', 97, 41, '2022-01-10', 4);
insert into store_product (id, title, slug, description, unit_price, inventory, last_update, collection_id) values (614, 'Island Oasis - Banana Daiquiri', 'vOj9lyrB1LI', 'scale collaborative functionalities', 681, 42, '2022-05-16', 1);
insert into store_product (id, title, slug, description, unit_price, inventory, last_update, collection_id) values (615, 'Tomato - Tricolor Cherry', 'TMUVUxdwt', 'matrix dynamic deliverables', 422, 39, '2022-04-22', 3);
insert into store_product (id, title, slug, description, unit_price, inventory, last_update, collection_id) values (616, 'Lettuce Romaine Chopped', 'XlHFkxcfxI', 'transition web-enabled e-tailers', 974, 35, '2022-10-09', 4);
insert into store_product (id, title, slug, description, unit_price, inventory, last_update, collection_id) values (617, 'Remy Red', 'kQK3DfKg', 'unleash ubiquitous web-readiness', 717, 43, '2022-05-22', 7);
insert into store_product (id, title, slug, description, unit_price, inventory, last_update, collection_id) values (618, 'Banana Turning', 'TfilyzFM8', 'reinvent real-time vortals', 594, 26, '2022-07-18', 8);
insert into store_product (id, title, slug, description, unit_price, inventory, last_update, collection_id) values (619, 'Sprouts - Alfalfa', '8y0aMQ0', 'incentivize web-enabled infomediaries', 491, 21, '2022-07-17', 7);
insert into store_product (id, title, slug, description, unit_price, inventory, last_update, collection_id) values (620, 'Puree - Blackcurrant', 'FhfhoOS6uB', 'seize synergistic models', 609, 17, '2021-12-09', 8);
insert into store_product (id, title, slug, description, unit_price, inventory, last_update, collection_id) values (621, 'Cherries - Fresh', 'HJiUEMSrSP', 'empower e-business action-items', 402, 16, '2022-04-08', 1);
insert into store_product (id, title, slug, description, unit_price, inventory, last_update, collection_id) values (622, 'Anchovy Fillets', 'czoukTUWs', 'productize extensible e-business', 712, 42, '2022-09-02', 4);
insert into store_product (id, title, slug, description, unit_price, inventory, last_update, collection_id) values (623, 'Pail - 15l White, With Handle', 'hVseyGiBa', 'innovate transparent supply-chains', 675, 18, '2022-09-28', 9);
insert into store_product (id, title, slug, description, unit_price, inventory, last_update, collection_id) values (624, 'Coffee - Cafe Moreno', 'h4ZUKgu2n', 'engineer vertical experiences', 694, 16, '2022-04-25', 7);
insert into store_product (id, title, slug, description, unit_price, inventory, last_update, collection_id) values (625, 'Pork Ham Prager', 'ickuJbeZp', 'disintermediate value-added mindshare', 163, 17, '2022-11-04', 1);
insert into store_product (id, title, slug, description, unit_price, inventory, last_update, collection_id) values (626, 'Muffin Mix - Corn Harvest', 'kbditmem', 'strategize dot-com supply-chains', 480, 10, '2022-05-06', 9);
insert into store_product (id, title, slug, description, unit_price, inventory, last_update, collection_id) values (627, 'Wine - Maipo Valle Cabernet', 'mnxYjy', 'whiteboard integrated web services', 515, 31, '2022-06-25', 10);
insert into store_product (id, title, slug, description, unit_price, inventory, last_update, collection_id) values (628, 'Pails With Lids', 'XL25TeKpnkC', 'transform wireless functionalities', 712, 38, '2022-10-18', 2);
insert into store_product (id, title, slug, description, unit_price, inventory, last_update, collection_id) values (629, 'Bread - Italian Sesame Poly', 'yS2NidZkW3', 'integrate dot-com bandwidth', 46, 42, '2022-02-06', 8);
insert into store_product (id, title, slug, description, unit_price, inventory, last_update, collection_id) values (630, 'Salmon - Canned', 'Q5AN6AfuC', 'revolutionize robust architectures', 18, 10, '2022-10-04', 6);
insert into store_product (id, title, slug, description, unit_price, inventory, last_update, collection_id) values (631, 'Cookie - Oreo 100x2', 'bwU4ZKerF', 'empower leading-edge markets', 471, 40, '2022-05-16', 4);
insert into store_product (id, title, slug, description, unit_price, inventory, last_update, collection_id) values (632, 'Marjoram - Dried, Rubbed', 'pRTaZj8xQ', 'brand proactive schemas', 941, 34, '2021-11-26', 6);
insert into store_product (id, title, slug, description, unit_price, inventory, last_update, collection_id) values (633, 'Soup - Campbells Beef Strogonoff', 'nLFuO7Q0Ev', 'matrix holistic technologies', 49, 15, '2022-07-16', 6);
insert into store_product (id, title, slug, description, unit_price, inventory, last_update, collection_id) values (634, 'Cookie Dough - Chunky', 'SJpGBQ0hMHK', 'embrace B2B synergies', 110, 45, '2022-01-02', 8);
insert into store_product (id, title, slug, description, unit_price, inventory, last_update, collection_id) values (635, 'Yoplait Drink', 'g1j8UyWQm', 'streamline global architectures', 694, 36, '2022-03-25', 3);
insert into store_product (id, title, slug, description, unit_price, inventory, last_update, collection_id) values (636, 'Beef - Roasted, Cooked', 'HayMQXRq5AaV', 'deploy proactive networks', 629, 22, '2021-12-07', 4);
insert into store_product (id, title, slug, description, unit_price, inventory, last_update, collection_id) values (637, 'Puree - Strawberry', 'rW1SWFS', 'mesh rich e-business', 358, 15, '2022-01-13', 6);
insert into store_product (id, title, slug, description, unit_price, inventory, last_update, collection_id) values (638, 'Cream - 18%', '0DVZsGJC', 'harness back-end niches', 801, 23, '2022-02-12', 7);
insert into store_product (id, title, slug, description, unit_price, inventory, last_update, collection_id) values (639, 'Cheese - Le Cru Du Clocher', 'zLfvG76IPS', 'reinvent clicks-and-mortar schemas', 924, 20, '2021-12-24', 4);
insert into store_product (id, title, slug, description, unit_price, inventory, last_update, collection_id) values (640, 'Curry Powder Madras', 'yjbmWIgCZ', 'extend revolutionary networks', 505, 40, '2022-10-23', 1);
insert into store_product (id, title, slug, description, unit_price, inventory, last_update, collection_id) values (641, 'Cake - Dulce De Leche', '8GMX91jQ6lv', 'drive viral niches', 621, 18, '2022-07-27', 1);
insert into store_product (id, title, slug, description, unit_price, inventory, last_update, collection_id) values (642, 'Russian Prince', 'HoKlWhUwt2O', 'optimize web-enabled eyeballs', 657, 13, '2022-01-28', 7);
insert into store_product (id, title, slug, description, unit_price, inventory, last_update, collection_id) values (643, 'Water - San Pellegrino', 'tQ0cFs', 'facilitate scalable paradigms', 627, 35, '2022-06-12', 4);
insert into store_product (id, title, slug, description, unit_price, inventory, last_update, collection_id) values (644, 'Lemonade - Island Tea, 591 Ml', '6A2ej5fn', 'enhance ubiquitous bandwidth', 911, 25, '2022-01-23', 9);
insert into store_product (id, title, slug, description, unit_price, inventory, last_update, collection_id) values (645, 'Lettuce Romaine Chopped', 'MK8SHa', 'harness strategic technologies', 60, 50, '2022-01-29', 1);
insert into store_product (id, title, slug, description, unit_price, inventory, last_update, collection_id) values (646, 'Beef - Rouladin, Sliced', '0O1eZMmF', 'deliver ubiquitous partnerships', 800, 19, '2022-06-25', 1);
insert into store_product (id, title, slug, description, unit_price, inventory, last_update, collection_id) values (647, 'Veal - Inside, Choice', 'lJyoHPZ6xtH', 'disintermediate ubiquitous web services', 587, 31, '2022-08-23', 5);
insert into store_product (id, title, slug, description, unit_price, inventory, last_update, collection_id) values (648, 'Chicken - White Meat, No Tender', 'Ib16cCajkN', 'redefine collaborative e-services', 257, 34, '2022-03-04', 5);
insert into store_product (id, title, slug, description, unit_price, inventory, last_update, collection_id) values (649, 'Cookie - Oreo 100x2', 'Cn4zTniAp', 'empower synergistic synergies', 74, 11, '2022-09-21', 4);
insert into store_product (id, title, slug, description, unit_price, inventory, last_update, collection_id) values (650, 'Lamb - Whole, Frozen', '2WDCCdt7llz', 'engage cross-platform niches', 591, 30, '2022-01-04', 3);
insert into store_product (id, title, slug, description, unit_price, inventory, last_update, collection_id) values (651, 'Scallop - St. Jaques', '7dOrTB', 'revolutionize one-to-one eyeballs', 586, 37, '2021-11-21', 6);
insert into store_product (id, title, slug, description, unit_price, inventory, last_update, collection_id) values (652, 'Beer - Guiness', 'Ux5hBFBTQnac', 'brand frictionless web services', 763, 20, '2022-08-17', 4);
insert into store_product (id, title, slug, description, unit_price, inventory, last_update, collection_id) values (653, 'Cilantro / Coriander - Fresh', 'VfQNl6sa', 'drive customized applications', 851, 23, '2022-03-19', 6);
insert into store_product (id, title, slug, description, unit_price, inventory, last_update, collection_id) values (654, 'Baking Powder', 'e53s8I', 'enhance open-source networks', 721, 35, '2022-10-26', 6);
insert into store_product (id, title, slug, description, unit_price, inventory, last_update, collection_id) values (655, 'Rice - Long Grain', 'dke7GgBzl9c', 'incentivize cutting-edge markets', 551, 34, '2022-02-14', 4);
insert into store_product (id, title, slug, description, unit_price, inventory, last_update, collection_id) values (656, 'Cookies - Englishbay Chochip', 'FbuNnq4YO5r5', 'productize back-end synergies', 694, 38, '2022-04-14', 4);
insert into store_product (id, title, slug, description, unit_price, inventory, last_update, collection_id) values (657, 'Sugar - White Packet', 'DLSzsIjwkq', 'aggregate out-of-the-box e-services', 403, 30, '2022-07-03', 9);
insert into store_product (id, title, slug, description, unit_price, inventory, last_update, collection_id) values (658, 'Mangoes', '3a23JguOR', 'optimize front-end initiatives', 429, 27, '2022-07-14', 6);
insert into store_product (id, title, slug, description, unit_price, inventory, last_update, collection_id) values (659, 'Halibut - Steaks', 'sxMlCMJE1zK', 'cultivate rich mindshare', 971, 22, '2022-05-18', 9);
insert into store_product (id, title, slug, description, unit_price, inventory, last_update, collection_id) values (660, 'Pork - Bones', '3nIBBR48dDE', 'whiteboard intuitive relationships', 223, 14, '2022-08-27', 8);
insert into store_product (id, title, slug, description, unit_price, inventory, last_update, collection_id) values (661, 'Chicken - Livers', 'XxoLfTVu', 'productize distributed platforms', 272, 29, '2021-12-23', 7);
insert into store_product (id, title, slug, description, unit_price, inventory, last_update, collection_id) values (662, 'Country Roll', 'KkC67n9c9W', 'disintermediate synergistic architectures', 313, 21, '2022-07-17', 8);
insert into store_product (id, title, slug, description, unit_price, inventory, last_update, collection_id) values (663, 'Red Currant Jelly', 'Zs7bG6jcZI', 'leverage next-generation portals', 509, 15, '2022-09-29', 3);
insert into store_product (id, title, slug, description, unit_price, inventory, last_update, collection_id) values (664, 'Juice - Orange, 341 Ml', 'Cbrv2JT', 'engineer next-generation interfaces', 697, 24, '2022-02-21', 6);
insert into store_product (id, title, slug, description, unit_price, inventory, last_update, collection_id) values (665, 'Water Chestnut - Canned', 'QsDARe9SW', 'architect world-class e-services', 68, 32, '2021-11-27', 6);
insert into store_product (id, title, slug, description, unit_price, inventory, last_update, collection_id) values (666, 'Pork - Back Ribs', 'K0ASbJve673V', 'redefine virtual schemas', 245, 29, '2022-04-15', 8);
insert into store_product (id, title, slug, description, unit_price, inventory, last_update, collection_id) values (667, 'Tortillas - Flour, 12', '2bEwjnATHzDU', 'facilitate B2B channels', 172, 27, '2022-08-08', 2);
insert into store_product (id, title, slug, description, unit_price, inventory, last_update, collection_id) values (668, 'Compound - Pear', 'EGgHU8p5wXN', 'unleash visionary markets', 953, 41, '2022-08-21', 7);
insert into store_product (id, title, slug, description, unit_price, inventory, last_update, collection_id) values (669, 'Cauliflower', 'H1NJupERA', 'architect synergistic web-readiness', 835, 26, '2021-12-28', 6);
insert into store_product (id, title, slug, description, unit_price, inventory, last_update, collection_id) values (670, 'Crab - Back Fin Meat, Canned', 'jjEMfjXRuoXr', 'visualize cross-media relationships', 378, 50, '2022-06-11', 10);
insert into store_product (id, title, slug, description, unit_price, inventory, last_update, collection_id) values (671, 'Stock - Chicken, White', 'oK1HbTT', 'brand proactive infomediaries', 412, 36, '2022-04-24', 6);
insert into store_product (id, title, slug, description, unit_price, inventory, last_update, collection_id) values (672, 'Nantucket - Pomegranate Pear', '3S7VHu', 'orchestrate integrated eyeballs', 916, 43, '2022-04-06', 10);
insert into store_product (id, title, slug, description, unit_price, inventory, last_update, collection_id) values (673, 'Hand Towel', '8FHAbEbh', 'innovate bricks-and-clicks web services', 428, 43, '2022-01-14', 10);
insert into store_product (id, title, slug, description, unit_price, inventory, last_update, collection_id) values (674, 'Wine - Barolo Fontanafredda', 'SMXy8VLZ', 'enable proactive platforms', 900, 26, '2022-04-23', 6);
insert into store_product (id, title, slug, description, unit_price, inventory, last_update, collection_id) values (675, 'Beef - Ground Lean Fresh', 'XCn2hVWGmm', 'synthesize user-centric infomediaries', 439, 21, '2022-02-22', 2);
insert into store_product (id, title, slug, description, unit_price, inventory, last_update, collection_id) values (676, 'Juice - Ocean Spray Kiwi', 'QUF0wK', 'e-enable 24/365 solutions', 947, 11, '2021-12-10', 3);
insert into store_product (id, title, slug, description, unit_price, inventory, last_update, collection_id) values (677, 'Vaccum Bag 10x13', '90ugSTo0Qfz', 'innovate extensible architectures', 781, 32, '2021-12-04', 6);
insert into store_product (id, title, slug, description, unit_price, inventory, last_update, collection_id) values (678, 'Blueberries - Frozen', 'kb90lrCmVsXg', 'benchmark sexy infomediaries', 813, 45, '2021-12-24', 4);
insert into store_product (id, title, slug, description, unit_price, inventory, last_update, collection_id) values (679, 'Lamb - Bones', 'Sr9NfJ3ggCgZ', 'architect dot-com architectures', 427, 49, '2022-02-16', 5);
insert into store_product (id, title, slug, description, unit_price, inventory, last_update, collection_id) values (680, 'Wine - Red, Mosaic Zweigelt', 'sA5QOD9bacC', 'monetize B2C vortals', 453, 10, '2022-01-17', 3);
insert into store_product (id, title, slug, description, unit_price, inventory, last_update, collection_id) values (681, 'Myers Planters Punch', 'qZmmu7S', 'embrace intuitive systems', 576, 20, '2022-07-14', 7);
insert into store_product (id, title, slug, description, unit_price, inventory, last_update, collection_id) values (682, 'Almonds Ground Blanched', 'U8Gu5gR8lBl', 'cultivate value-added relationships', 223, 12, '2021-11-27', 4);
insert into store_product (id, title, slug, description, unit_price, inventory, last_update, collection_id) values (683, 'Truffle Cups - White Paper', 'fuzC7yt', 'redefine B2C systems', 930, 46, '2022-10-09', 6);
insert into store_product (id, title, slug, description, unit_price, inventory, last_update, collection_id) values (684, 'Thyme - Fresh', 'Z7FBPrVsa', 'benchmark transparent paradigms', 218, 50, '2022-07-06', 4);
insert into store_product (id, title, slug, description, unit_price, inventory, last_update, collection_id) values (685, 'Ecolab - Orange Frc, Cleaner', 'LeY3cXCcX', 'generate open-source synergies', 926, 23, '2021-12-24', 1);
insert into store_product (id, title, slug, description, unit_price, inventory, last_update, collection_id) values (686, 'Vermouth - Sweet, Cinzano', 'wdXw9Zt', 'deliver next-generation niches', 366, 12, '2022-06-24', 5);
insert into store_product (id, title, slug, description, unit_price, inventory, last_update, collection_id) values (687, 'Mix Pina Colada', 'RV2Ucy', 'incentivize bleeding-edge portals', 886, 46, '2022-05-29', 5);
insert into store_product (id, title, slug, description, unit_price, inventory, last_update, collection_id) values (688, 'Tortillas - Flour, 10', 'zfLoAMnwWN', 'leverage bricks-and-clicks paradigms', 237, 13, '2022-08-25', 4);
insert into store_product (id, title, slug, description, unit_price, inventory, last_update, collection_id) values (689, 'Fudge - Chocolate Fudge', 'mJwFzRHH', 'revolutionize 24/365 e-commerce', 196, 46, '2022-09-09', 8);
insert into store_product (id, title, slug, description, unit_price, inventory, last_update, collection_id) values (690, 'Bread - English Muffin', 'FEozkMJ', 'visualize global relationships', 568, 25, '2021-11-14', 1);
insert into store_product (id, title, slug, description, unit_price, inventory, last_update, collection_id) values (691, 'Sauce - Demi Glace', 'VrD3wniHK', 'facilitate collaborative action-items', 436, 42, '2022-04-13', 10);
insert into store_product (id, title, slug, description, unit_price, inventory, last_update, collection_id) values (692, 'Bar Mix - Pina Colada, 355 Ml', 'RhBcXQh', 'architect distributed e-commerce', 46, 46, '2022-05-09', 1);
insert into store_product (id, title, slug, description, unit_price, inventory, last_update, collection_id) values (693, 'Southern Comfort', 'pCU6v3s', 'utilize wireless synergies', 504, 29, '2022-10-25', 5);
insert into store_product (id, title, slug, description, unit_price, inventory, last_update, collection_id) values (694, 'Steam Pan Full Lid', 'tzqE8zpPu', 'disintermediate 24/365 experiences', 958, 11, '2022-08-26', 9);
insert into store_product (id, title, slug, description, unit_price, inventory, last_update, collection_id) values (695, 'Chef Hat 25cm', 'vgF9sf', 'synergize vertical vortals', 350, 29, '2022-07-09', 6);
insert into store_product (id, title, slug, description, unit_price, inventory, last_update, collection_id) values (696, 'Oranges - Navel, 72', 'Yx6oLUnEMtH', 'recontextualize user-centric technologies', 926, 32, '2022-06-29', 6);
insert into store_product (id, title, slug, description, unit_price, inventory, last_update, collection_id) values (697, 'Cheese - Cambozola', 'QqhWJZ3lE8px', 'transform open-source experiences', 811, 28, '2021-11-17', 3);
insert into store_product (id, title, slug, description, unit_price, inventory, last_update, collection_id) values (698, 'Island Oasis - Wildberry', 'wNV5e5yy2', 'matrix innovative interfaces', 208, 17, '2022-08-11', 8);
insert into store_product (id, title, slug, description, unit_price, inventory, last_update, collection_id) values (699, 'Amaretto', 'WD5ipRZy', 'morph granular vortals', 698, 28, '2022-10-31', 3);
insert into store_product (id, title, slug, description, unit_price, inventory, last_update, collection_id) values (700, 'Wine - Muscadet Sur Lie', 'uZfO2N8fislT', 'repurpose sexy channels', 478, 11, '2022-03-26', 8);
insert into store_product (id, title, slug, description, unit_price, inventory, last_update, collection_id) values (701, 'Wooden Mop Handle', 'TmcYokgnu', 'strategize robust partnerships', 703, 34, '2022-03-04', 5);
insert into store_product (id, title, slug, description, unit_price, inventory, last_update, collection_id) values (702, 'Appetizer - Mango Chevre', 'ROvWUUErPnv9', 'streamline innovative niches', 347, 45, '2022-07-24', 4);
insert into store_product (id, title, slug, description, unit_price, inventory, last_update, collection_id) values (703, 'The Pop Shoppe - Black Cherry', '1pkqSTbWC8c', 'incubate innovative supply-chains', 743, 44, '2022-02-17', 2);
insert into store_product (id, title, slug, description, unit_price, inventory, last_update, collection_id) values (704, 'Banana', 'xAEZqIm84', 'monetize open-source models', 669, 39, '2022-08-13', 5);
insert into store_product (id, title, slug, description, unit_price, inventory, last_update, collection_id) values (705, 'Beets - Mini Golden', 'Duj2Gu', 'synthesize cutting-edge e-markets', 639, 24, '2022-02-12', 5);
insert into store_product (id, title, slug, description, unit_price, inventory, last_update, collection_id) values (706, 'Myers Planters Punch', 'LvgAVzc3T', 'seize end-to-end supply-chains', 17, 37, '2022-07-18', 8);
insert into store_product (id, title, slug, description, unit_price, inventory, last_update, collection_id) values (707, 'Foie Gras', 'zWI2VdkkTgIT', 'benchmark innovative channels', 967, 10, '2022-10-02', 9);
insert into store_product (id, title, slug, description, unit_price, inventory, last_update, collection_id) values (708, 'Carbonated Water - White Grape', 'jroEIwPuUx0', 'repurpose killer vortals', 749, 48, '2021-12-16', 8);
insert into store_product (id, title, slug, description, unit_price, inventory, last_update, collection_id) values (709, 'Cheese - Cheddarsliced', 'EYcYtlVBljQ', 'expedite real-time content', 477, 43, '2022-07-01', 10);
insert into store_product (id, title, slug, description, unit_price, inventory, last_update, collection_id) values (710, 'Pasta - Fettuccine, Egg, Fresh', '67hG7eu', 'implement ubiquitous infrastructures', 160, 35, '2022-04-03', 9);
insert into store_product (id, title, slug, description, unit_price, inventory, last_update, collection_id) values (711, 'Blue Curacao - Marie Brizard', '1EvxT6er', 'mesh visionary users', 284, 22, '2022-06-15', 2);
insert into store_product (id, title, slug, description, unit_price, inventory, last_update, collection_id) values (712, 'Pork Casing', 'gorimdu8', 'engage web-enabled web-readiness', 879, 28, '2022-05-31', 5);
insert into store_product (id, title, slug, description, unit_price, inventory, last_update, collection_id) values (713, 'Beef - Ox Tongue, Pickled', 'vMiHyDnf', 'incentivize interactive experiences', 424, 26, '2021-12-15', 3);
insert into store_product (id, title, slug, description, unit_price, inventory, last_update, collection_id) values (714, 'Onions - Spanish', 'K6AOFR70', 'deliver e-business systems', 668, 39, '2021-11-20', 2);
insert into store_product (id, title, slug, description, unit_price, inventory, last_update, collection_id) values (715, 'Black Currants', '2M4UowDzl', 'synthesize e-business markets', 709, 40, '2022-06-15', 3);
insert into store_product (id, title, slug, description, unit_price, inventory, last_update, collection_id) values (716, 'Chicken - Ground', 'v6F6T5qwnXZ', 'deploy virtual eyeballs', 791, 46, '2022-01-21', 10);
insert into store_product (id, title, slug, description, unit_price, inventory, last_update, collection_id) values (717, 'Pork - Ham Hocks - Smoked', 'sFu0Ke', 'iterate visionary web-readiness', 699, 43, '2022-06-01', 8);
insert into store_product (id, title, slug, description, unit_price, inventory, last_update, collection_id) values (718, 'Mayonnaise', '2MQK6aXpAZ', 'visualize world-class content', 946, 25, '2022-03-08', 4);
insert into store_product (id, title, slug, description, unit_price, inventory, last_update, collection_id) values (719, 'Cucumber - Pickling Ontario', 'xQixUZQLP', 'productize virtual infomediaries', 714, 25, '2022-04-15', 5);
insert into store_product (id, title, slug, description, unit_price, inventory, last_update, collection_id) values (720, 'Tarragon - Primerba, Paste', 'Q3rLCvtU1ma5', 'iterate synergistic relationships', 88, 12, '2022-06-27', 6);
insert into store_product (id, title, slug, description, unit_price, inventory, last_update, collection_id) values (721, 'Sage - Ground', '6JdByfFb', 'mesh 24/365 platforms', 952, 22, '2022-09-28', 4);
insert into store_product (id, title, slug, description, unit_price, inventory, last_update, collection_id) values (722, 'Food Colouring - Green', 'RStu8n5Rr', 'leverage distributed e-services', 607, 42, '2022-11-08', 1);
insert into store_product (id, title, slug, description, unit_price, inventory, last_update, collection_id) values (723, 'Cheese - Shred Cheddar / Mozza', 'YLRaFZSwffeV', 'seize collaborative paradigms', 345, 23, '2021-11-21', 2);
insert into store_product (id, title, slug, description, unit_price, inventory, last_update, collection_id) values (724, 'Placemat - Scallop, White', 'l576ArCySzgx', 'harness efficient convergence', 52, 41, '2022-03-15', 6);
insert into store_product (id, title, slug, description, unit_price, inventory, last_update, collection_id) values (725, 'Veal - Inside', '9KanSde', 'harness enterprise niches', 581, 15, '2022-01-30', 1);
insert into store_product (id, title, slug, description, unit_price, inventory, last_update, collection_id) values (726, 'Paste - Black Olive', 'kh4yaM', 'monetize enterprise action-items', 509, 50, '2022-08-21', 9);
insert into store_product (id, title, slug, description, unit_price, inventory, last_update, collection_id) values (727, 'Coffee - Egg Nog Capuccino', 'R08BdcPr', 'utilize holistic infrastructures', 40, 40, '2022-10-05', 6);
insert into store_product (id, title, slug, description, unit_price, inventory, last_update, collection_id) values (728, 'Fudge - Cream Fudge', 'gBdVe6', 'brand 24/365 users', 866, 41, '2022-09-08', 7);
insert into store_product (id, title, slug, description, unit_price, inventory, last_update, collection_id) values (729, 'Foil - Round Foil', 'YGxwoG1N', 'leverage sexy functionalities', 669, 34, '2022-07-29', 9);
insert into store_product (id, title, slug, description, unit_price, inventory, last_update, collection_id) values (730, 'Coriander - Seed', 'rK3MAQE6tx', 'incentivize strategic mindshare', 737, 37, '2022-06-04', 4);
insert into store_product (id, title, slug, description, unit_price, inventory, last_update, collection_id) values (731, 'Butter Sweet', 'u7mChzk', 'utilize B2B schemas', 43, 33, '2022-05-06', 3);
insert into store_product (id, title, slug, description, unit_price, inventory, last_update, collection_id) values (732, 'Chocolate - Sugar Free Semi Choc', 'CD6wqCAPZ', 'maximize cross-platform methodologies', 745, 20, '2022-05-02', 6);
insert into store_product (id, title, slug, description, unit_price, inventory, last_update, collection_id) values (733, 'Baking Soda', 'M1JeQ3EmUV', 'deploy clicks-and-mortar technologies', 442, 11, '2021-11-20', 5);
insert into store_product (id, title, slug, description, unit_price, inventory, last_update, collection_id) values (734, 'Celery Root', 'BYTB4gTk4lJ', 'brand dynamic supply-chains', 692, 50, '2022-10-25', 2);
insert into store_product (id, title, slug, description, unit_price, inventory, last_update, collection_id) values (735, 'Milk Powder', 'lt9OhdAX', 'syndicate world-class web services', 169, 35, '2022-07-14', 8);
insert into store_product (id, title, slug, description, unit_price, inventory, last_update, collection_id) values (736, 'Corn - On The Cob', 'uC7s6ie', 'benchmark open-source content', 327, 15, '2022-11-04', 8);
insert into store_product (id, title, slug, description, unit_price, inventory, last_update, collection_id) values (737, 'Scallops - U - 10', 'x0f9mT', 'envisioneer innovative systems', 349, 39, '2021-11-27', 3);
insert into store_product (id, title, slug, description, unit_price, inventory, last_update, collection_id) values (738, 'Tea - Jasmin Green', 'SPPArt6AtKag', 'visualize clicks-and-mortar infrastructures', 767, 49, '2022-07-10', 4);
insert into store_product (id, title, slug, description, unit_price, inventory, last_update, collection_id) values (739, 'Syrup - Kahlua Chocolate', '5r9i8z', 'transform cross-platform users', 746, 16, '2021-11-17', 1);
insert into store_product (id, title, slug, description, unit_price, inventory, last_update, collection_id) values (740, 'Iced Tea - Lemon, 340ml', '03KDTldG', 'disintermediate open-source deliverables', 432, 26, '2021-11-11', 8);
insert into store_product (id, title, slug, description, unit_price, inventory, last_update, collection_id) values (741, 'Turkey - Oven Roast Breast', 'N6YHZWPTW', 'architect scalable bandwidth', 87, 16, '2022-01-12', 9);
insert into store_product (id, title, slug, description, unit_price, inventory, last_update, collection_id) values (742, 'Oxtail - Cut', 'PQuemAzxcq', 'enhance back-end platforms', 70, 36, '2022-08-09', 4);
insert into store_product (id, title, slug, description, unit_price, inventory, last_update, collection_id) values (743, 'Pasta - Lasagne, Fresh', 'VxF4J5mZs', 'transform user-centric content', 528, 10, '2022-07-21', 10);
insert into store_product (id, title, slug, description, unit_price, inventory, last_update, collection_id) values (744, 'Bread - Crusty Italian Poly', '0x4Bwo9v', 'brand e-business convergence', 51, 34, '2022-07-28', 3);
insert into store_product (id, title, slug, description, unit_price, inventory, last_update, collection_id) values (745, 'Mustard - Pommery', 'NBsLm0', 'reintermediate enterprise e-tailers', 306, 19, '2022-04-09', 2);
insert into store_product (id, title, slug, description, unit_price, inventory, last_update, collection_id) values (746, 'Lamb - Racks, Frenched', 'kSgMlRiF', 'engineer revolutionary ROI', 512, 16, '2022-04-04', 4);
insert into store_product (id, title, slug, description, unit_price, inventory, last_update, collection_id) values (747, 'Coriander - Ground', 'PdWGRv', 'transition frictionless markets', 570, 27, '2022-06-01', 6);
insert into store_product (id, title, slug, description, unit_price, inventory, last_update, collection_id) values (748, 'Lime Cordial - Roses', 'YUuq0Dt', 'mesh revolutionary bandwidth', 690, 38, '2022-04-23', 7);
insert into store_product (id, title, slug, description, unit_price, inventory, last_update, collection_id) values (749, 'Bread - Italian Corn Meal Poly', '4hYcBZg', 'embrace real-time vortals', 596, 44, '2022-10-03', 7);
insert into store_product (id, title, slug, description, unit_price, inventory, last_update, collection_id) values (750, 'Chocolate Bar - Oh Henry', 'YbuSNOM', 'recontextualize granular users', 715, 48, '2022-03-16', 4);
insert into store_product (id, title, slug, description, unit_price, inventory, last_update, collection_id) values (751, 'Soap - Mr.clean Floor Soap', 'tuuYvTxE', 'productize one-to-one technologies', 116, 16, '2022-07-19', 8);
insert into store_product (id, title, slug, description, unit_price, inventory, last_update, collection_id) values (752, 'Wiberg Super Cure', 'JI0hC2KB', 'integrate global schemas', 791, 18, '2021-11-27', 10);
insert into store_product (id, title, slug, description, unit_price, inventory, last_update, collection_id) values (753, 'Drambuie', 'ZWumURqdeW', 'matrix sticky ROI', 520, 35, '2022-03-17', 5);
insert into store_product (id, title, slug, description, unit_price, inventory, last_update, collection_id) values (754, 'Lid Tray - 16in Dome', 'eezgkDDt64yU', 'evolve bleeding-edge ROI', 492, 42, '2021-12-04', 1);
insert into store_product (id, title, slug, description, unit_price, inventory, last_update, collection_id) values (755, 'Lentils - Green Le Puy', 'pxpoiuG', 'innovate rich applications', 96, 24, '2022-02-18', 8);
insert into store_product (id, title, slug, description, unit_price, inventory, last_update, collection_id) values (756, 'Flour - All Purpose', 'oQfLi0IIq', 'mesh extensible bandwidth', 525, 40, '2022-03-23', 7);
insert into store_product (id, title, slug, description, unit_price, inventory, last_update, collection_id) values (757, 'Schnappes - Peach, Walkers', '1GYR3ykitTZm', 'utilize leading-edge mindshare', 388, 31, '2021-12-19', 10);
insert into store_product (id, title, slug, description, unit_price, inventory, last_update, collection_id) values (758, 'Wine - Cave Springs Dry Riesling', 'DQZna6d94rlv', 'target world-class markets', 893, 34, '2022-07-02', 10);
insert into store_product (id, title, slug, description, unit_price, inventory, last_update, collection_id) values (759, 'Napkin Colour', 'DI9Je1FxU', 'enhance transparent vortals', 954, 49, '2022-10-17', 9);
insert into store_product (id, title, slug, description, unit_price, inventory, last_update, collection_id) values (760, 'Wine - Piper Heidsieck Brut', 'eIycFus6rr9', 'whiteboard user-centric schemas', 491, 50, '2022-04-09', 2);
insert into store_product (id, title, slug, description, unit_price, inventory, last_update, collection_id) values (761, 'Sausage - Blood Pudding', '24sTW0G', 'architect 24/365 e-tailers', 667, 27, '2022-05-13', 5);
insert into store_product (id, title, slug, description, unit_price, inventory, last_update, collection_id) values (762, 'V8 Pet', 'OPz7wbM0', 'target bricks-and-clicks deliverables', 288, 25, '2021-12-22', 2);
insert into store_product (id, title, slug, description, unit_price, inventory, last_update, collection_id) values (763, 'Pork - Ground', 'eYlbZDDVEkb', 'implement user-centric applications', 876, 41, '2022-08-09', 2);
insert into store_product (id, title, slug, description, unit_price, inventory, last_update, collection_id) values (764, 'Cheese - Gorgonzola', '0hgNnVVTwM', 'seize bleeding-edge content', 357, 34, '2022-01-18', 5);
insert into store_product (id, title, slug, description, unit_price, inventory, last_update, collection_id) values (765, 'Egg Patty Fried', 'PAeQillr', 'whiteboard wireless e-tailers', 477, 10, '2022-09-20', 6);
insert into store_product (id, title, slug, description, unit_price, inventory, last_update, collection_id) values (766, 'Honey - Comb', 'a6Y1AaGmx8h', 'syndicate synergistic e-services', 440, 20, '2022-09-27', 3);
insert into store_product (id, title, slug, description, unit_price, inventory, last_update, collection_id) values (767, 'Cheese Cheddar Processed', 'beS9QS3yZyJ', 'synergize wireless models', 700, 16, '2022-10-09', 2);
insert into store_product (id, title, slug, description, unit_price, inventory, last_update, collection_id) values (768, 'Apple - Macintosh', 'GDKAMSqk6SjT', 'e-enable synergistic supply-chains', 724, 28, '2022-01-21', 2);
insert into store_product (id, title, slug, description, unit_price, inventory, last_update, collection_id) values (769, 'Bagelers - Cinn / Brown Sugar', 'pcYZkN9', 'scale extensible ROI', 484, 12, '2022-07-27', 9);
insert into store_product (id, title, slug, description, unit_price, inventory, last_update, collection_id) values (770, 'Kiwi Gold Zespri', '0bvgufoK0C', 'facilitate synergistic initiatives', 805, 42, '2022-08-10', 8);
insert into store_product (id, title, slug, description, unit_price, inventory, last_update, collection_id) values (771, 'Lamb - Whole Head Off,nz', 'sEUK6t3fjY', 'incubate sticky mindshare', 902, 18, '2022-09-03', 7);
insert into store_product (id, title, slug, description, unit_price, inventory, last_update, collection_id) values (772, 'Towel Dispenser', 'TLoPTwR21Wrv', 'e-enable frictionless infomediaries', 122, 32, '2022-06-28', 5);
insert into store_product (id, title, slug, description, unit_price, inventory, last_update, collection_id) values (773, 'Wine - White, Pinot Grigio', 'LelwplsEQqBp', 'reintermediate innovative initiatives', 285, 13, '2022-11-06', 7);
insert into store_product (id, title, slug, description, unit_price, inventory, last_update, collection_id) values (774, 'Mountain Dew', 'EQp63vi', 'strategize one-to-one deliverables', 317, 38, '2022-05-15', 8);
insert into store_product (id, title, slug, description, unit_price, inventory, last_update, collection_id) values (775, 'Wine - White, Pelee Island', '4Yb6oS', 'facilitate magnetic initiatives', 116, 47, '2022-10-18', 6);
insert into store_product (id, title, slug, description, unit_price, inventory, last_update, collection_id) values (776, 'Raisin - Golden', 'SyUKXfN', 'e-enable real-time architectures', 766, 13, '2022-08-04', 9);
insert into store_product (id, title, slug, description, unit_price, inventory, last_update, collection_id) values (777, 'Carrots - Purple, Organic', 'OgnMDA', 'iterate robust schemas', 847, 29, '2022-10-20', 7);
insert into store_product (id, title, slug, description, unit_price, inventory, last_update, collection_id) values (778, 'Port - 74 Brights', 'qWJyJ6oCHIW', 'synergize revolutionary ROI', 681, 22, '2022-02-09', 1);
insert into store_product (id, title, slug, description, unit_price, inventory, last_update, collection_id) values (779, 'Scallops - 20/30', 'WuWaSImT5f', 'disintermediate revolutionary technologies', 321, 27, '2022-04-23', 9);
insert into store_product (id, title, slug, description, unit_price, inventory, last_update, collection_id) values (780, 'Juice - Clamato, 341 Ml', '6T2QObVrNPF4', 'disintermediate intuitive interfaces', 51, 20, '2022-05-13', 4);
insert into store_product (id, title, slug, description, unit_price, inventory, last_update, collection_id) values (781, 'Gingerale - Diet - Schweppes', 'mbSZR4N7MM', 'empower turn-key paradigms', 535, 48, '2022-01-16', 1);
insert into store_product (id, title, slug, description, unit_price, inventory, last_update, collection_id) values (782, 'Tea - Lemon Green Tea', 'SpNiVZA', 'scale seamless solutions', 645, 28, '2022-06-17', 5);
insert into store_product (id, title, slug, description, unit_price, inventory, last_update, collection_id) values (783, 'Table Cloth 62x120 White', '8fL5bL3zgr', 'generate innovative communities', 576, 49, '2022-07-01', 9);
insert into store_product (id, title, slug, description, unit_price, inventory, last_update, collection_id) values (784, 'Cheese Cloth No 60', '65QqcejF', 'mesh granular functionalities', 202, 39, '2021-11-24', 8);
insert into store_product (id, title, slug, description, unit_price, inventory, last_update, collection_id) values (785, 'Oil - Cooking Spray', 'YviI0ha5R', 'matrix scalable metrics', 871, 13, '2022-03-13', 1);
insert into store_product (id, title, slug, description, unit_price, inventory, last_update, collection_id) values (786, 'Lentils - Red, Dry', 'lYYPhVH', 'expedite extensible architectures', 637, 33, '2022-08-14', 10);
insert into store_product (id, title, slug, description, unit_price, inventory, last_update, collection_id) values (787, 'Mushroom - Trumpet, Dry', 'UHdCu5Oyqhz6', 'repurpose frictionless bandwidth', 15, 15, '2022-11-08', 7);
insert into store_product (id, title, slug, description, unit_price, inventory, last_update, collection_id) values (788, 'Wine - Charddonnay Errazuriz', 'uJOq38TNx', 'transform collaborative markets', 655, 40, '2022-11-02', 2);
insert into store_product (id, title, slug, description, unit_price, inventory, last_update, collection_id) values (789, 'Vinegar - Cider', 'D2jMK2ppW', 'benchmark interactive initiatives', 879, 39, '2022-03-30', 1);
insert into store_product (id, title, slug, description, unit_price, inventory, last_update, collection_id) values (790, 'Crackers - Soda / Saltins', 'hUnD7k7', 'embrace open-source architectures', 20, 12, '2022-05-06', 9);
insert into store_product (id, title, slug, description, unit_price, inventory, last_update, collection_id) values (791, 'Wine - Semi Dry Riesling Vineland', 'QtvkqTXO', 'synthesize synergistic action-items', 766, 17, '2022-03-04', 7);
insert into store_product (id, title, slug, description, unit_price, inventory, last_update, collection_id) values (792, 'Vaccum Bag 10x13', 'eb9SFF', 'expedite user-centric web services', 652, 31, '2022-05-20', 4);
insert into store_product (id, title, slug, description, unit_price, inventory, last_update, collection_id) values (793, 'Sorrel - Fresh', 'HRhxiMX', 'embrace synergistic e-business', 597, 24, '2022-04-17', 9);
insert into store_product (id, title, slug, description, unit_price, inventory, last_update, collection_id) values (794, 'Oregano - Fresh', 'sONgdt', 'streamline one-to-one bandwidth', 667, 42, '2021-12-15', 2);
insert into store_product (id, title, slug, description, unit_price, inventory, last_update, collection_id) values (795, 'Dragon Fruit', 'Fl3ZM5I4mhU', 'seize user-centric web services', 428, 19, '2022-08-03', 7);
insert into store_product (id, title, slug, description, unit_price, inventory, last_update, collection_id) values (796, 'Spice - Pepper Portions', 'SpZ840O', 'aggregate leading-edge convergence', 305, 22, '2022-03-26', 4);
insert into store_product (id, title, slug, description, unit_price, inventory, last_update, collection_id) values (797, 'Plums - Red', 'JO2I4wLDn', 'revolutionize holistic partnerships', 778, 43, '2022-10-03', 5);
insert into store_product (id, title, slug, description, unit_price, inventory, last_update, collection_id) values (798, 'Brandy Apricot', '7HdLrlmEL', 'engineer distributed interfaces', 514, 44, '2022-01-25', 1);
insert into store_product (id, title, slug, description, unit_price, inventory, last_update, collection_id) values (799, 'Yogurt - Cherry, 175 Gr', 'yIoGhh', 'empower innovative vortals', 456, 41, '2021-12-17', 1);
insert into store_product (id, title, slug, description, unit_price, inventory, last_update, collection_id) values (800, 'Mahi Mahi', 'vbeDUY1GJ', 'productize 24/365 e-commerce', 929, 14, '2022-02-01', 3);
insert into store_product (id, title, slug, description, unit_price, inventory, last_update, collection_id) values (801, 'Chevere Logs', 'v7kOZPmvb', 'optimize holistic ROI', 126, 48, '2022-03-17', 10);
insert into store_product (id, title, slug, description, unit_price, inventory, last_update, collection_id) values (802, 'Table Cloth 53x53 White', 'MB361d5KT8r', 'integrate proactive relationships', 336, 25, '2022-02-10', 4);
insert into store_product (id, title, slug, description, unit_price, inventory, last_update, collection_id) values (803, 'Croissant, Raw - Mini', 'SNWsrguTuZt', 'disintermediate magnetic niches', 857, 41, '2022-03-10', 9);
insert into store_product (id, title, slug, description, unit_price, inventory, last_update, collection_id) values (804, 'Bread - Ciabatta Buns', 'vQ85FkW', 'evolve sticky vortals', 930, 35, '2022-04-25', 3);
insert into store_product (id, title, slug, description, unit_price, inventory, last_update, collection_id) values (805, 'Nut - Chestnuts, Whole', 'epI0Jhu', 'incubate granular convergence', 18, 36, '2022-09-11', 8);
insert into store_product (id, title, slug, description, unit_price, inventory, last_update, collection_id) values (806, 'Lettuce - Belgian Endive', 'vfUlQoe', 'optimize cross-platform e-commerce', 216, 45, '2022-09-18', 7);
insert into store_product (id, title, slug, description, unit_price, inventory, last_update, collection_id) values (807, 'Poppy Seed', 'KX54xRyp', 'cultivate enterprise methodologies', 368, 14, '2022-09-21', 2);
insert into store_product (id, title, slug, description, unit_price, inventory, last_update, collection_id) values (808, 'Syrup - Golden, Lyles', 'iKVrzB', 'revolutionize bricks-and-clicks initiatives', 975, 39, '2022-03-05', 4);
insert into store_product (id, title, slug, description, unit_price, inventory, last_update, collection_id) values (809, 'Madeira', 'yf5dwY', 'reinvent efficient relationships', 578, 10, '2022-08-17', 9);
insert into store_product (id, title, slug, description, unit_price, inventory, last_update, collection_id) values (810, 'Puree - Passion Fruit', 'whSXsjljfkB', 'generate strategic synergies', 446, 43, '2022-10-27', 6);
insert into store_product (id, title, slug, description, unit_price, inventory, last_update, collection_id) values (811, 'Radish - Pickled', 'BY8T83DqA9xx', 'deploy user-centric channels', 134, 24, '2022-01-09', 8);
insert into store_product (id, title, slug, description, unit_price, inventory, last_update, collection_id) values (812, 'Milk - Buttermilk', 'fAjQIXsNY', 'enable innovative niches', 684, 26, '2021-12-20', 8);
insert into store_product (id, title, slug, description, unit_price, inventory, last_update, collection_id) values (813, 'The Pop Shoppe - Root Beer', 'rpp5dqfPV0Sl', 'envisioneer end-to-end infomediaries', 103, 20, '2022-08-03', 10);
insert into store_product (id, title, slug, description, unit_price, inventory, last_update, collection_id) values (814, 'Juice - Tomato, 48 Oz', 'H2iGIDVOQ', 'repurpose granular portals', 755, 22, '2022-04-10', 9);
insert into store_product (id, title, slug, description, unit_price, inventory, last_update, collection_id) values (815, 'Tandoori Curry Paste', 'IZA7SSDd5y', 'maximize enterprise e-commerce', 683, 49, '2021-11-29', 9);
insert into store_product (id, title, slug, description, unit_price, inventory, last_update, collection_id) values (816, 'Stock - Beef, Brown', 'fPqAaDXKSyL', 'repurpose scalable e-business', 542, 25, '2022-08-04', 5);
insert into store_product (id, title, slug, description, unit_price, inventory, last_update, collection_id) values (817, 'Cauliflower', 'pthB2QXI5b', 'reintermediate ubiquitous markets', 838, 41, '2021-11-18', 8);
insert into store_product (id, title, slug, description, unit_price, inventory, last_update, collection_id) values (818, 'Beer - Blue Light', '5cSG3uxEF6U', 'cultivate B2C deliverables', 811, 41, '2022-06-15', 6);
insert into store_product (id, title, slug, description, unit_price, inventory, last_update, collection_id) values (819, 'Beef - Flank Steak', '7Faaq3469GZ', 'syndicate clicks-and-mortar functionalities', 618, 29, '2022-06-12', 3);
insert into store_product (id, title, slug, description, unit_price, inventory, last_update, collection_id) values (820, 'Crush - Cream Soda', 'Baxlrtju', 'deploy cutting-edge e-markets', 697, 18, '2022-04-29', 4);
insert into store_product (id, title, slug, description, unit_price, inventory, last_update, collection_id) values (821, 'Pectin', 'bOOzrHlUafq', 'harness ubiquitous experiences', 248, 43, '2022-06-11', 2);
insert into store_product (id, title, slug, description, unit_price, inventory, last_update, collection_id) values (822, 'Bread - Flat Bread', 'auw89n', 'integrate customized interfaces', 49, 42, '2022-07-30', 4);
insert into store_product (id, title, slug, description, unit_price, inventory, last_update, collection_id) values (823, 'Bread - Italian Roll With Herbs', 'hrzeV89abMUo', 'generate clicks-and-mortar communities', 26, 31, '2022-03-31', 7);
insert into store_product (id, title, slug, description, unit_price, inventory, last_update, collection_id) values (824, 'Pastry - Apple Large', 'pLK3NTP', 'mesh sexy initiatives', 119, 34, '2022-06-21', 6);
insert into store_product (id, title, slug, description, unit_price, inventory, last_update, collection_id) values (825, 'Nut - Walnut, Pieces', 'v8maLy', 'transform e-business relationships', 327, 27, '2022-09-17', 5);
insert into store_product (id, title, slug, description, unit_price, inventory, last_update, collection_id) values (826, 'Wine - Sicilia Igt Nero Avola', '6NPzdjBaqHT3', 'generate compelling solutions', 893, 19, '2022-04-23', 9);
insert into store_product (id, title, slug, description, unit_price, inventory, last_update, collection_id) values (827, 'Sesame Seed', 'RU3h7ZY4ooWe', 'optimize world-class ROI', 57, 36, '2022-08-01', 10);
insert into store_product (id, title, slug, description, unit_price, inventory, last_update, collection_id) values (828, 'Chips - Miss Vickies', 'L04ZOVZjVR', 'engage distributed e-markets', 44, 20, '2022-04-04', 8);
insert into store_product (id, title, slug, description, unit_price, inventory, last_update, collection_id) values (829, 'Wine - Savigny - Les - Beaune', 'UvQxfSGWVI', 'transform value-added solutions', 298, 32, '2022-02-24', 9);
insert into store_product (id, title, slug, description, unit_price, inventory, last_update, collection_id) values (830, 'Pasta - Fettuccine, Dry', 'LR1rDMinxJd', 'strategize turn-key niches', 964, 13, '2022-01-28', 1);
insert into store_product (id, title, slug, description, unit_price, inventory, last_update, collection_id) values (831, 'Soup - Clam Chowder, Dry Mix', '6PVcQIs', 'architect efficient markets', 637, 19, '2021-12-23', 5);
insert into store_product (id, title, slug, description, unit_price, inventory, last_update, collection_id) values (832, 'Wine - Piper Heidsieck Brut', 'GQ4Wqm3I75gv', 'cultivate out-of-the-box deliverables', 360, 47, '2022-03-15', 10);
insert into store_product (id, title, slug, description, unit_price, inventory, last_update, collection_id) values (833, 'Puree - Blackcurrant', '3kexHj', 'engineer turn-key niches', 482, 23, '2022-03-20', 5);
insert into store_product (id, title, slug, description, unit_price, inventory, last_update, collection_id) values (834, 'Cheese - Sheep Milk', 'GtI6AWroFFaV', 'morph wireless web-readiness', 286, 32, '2022-02-03', 6);
insert into store_product (id, title, slug, description, unit_price, inventory, last_update, collection_id) values (835, 'Chocolate Liqueur - Godet White', 'zB64C2n9Ik5H', 'revolutionize e-business interfaces', 963, 28, '2022-10-27', 8);
insert into store_product (id, title, slug, description, unit_price, inventory, last_update, collection_id) values (836, 'Pasta - Rotini, Colour, Dry', 'LOWKVNlrXx', 'disintermediate turn-key channels', 340, 43, '2022-07-19', 9);
insert into store_product (id, title, slug, description, unit_price, inventory, last_update, collection_id) values (837, 'Pumpkin', 'NFXwr6Wi', 'generate collaborative interfaces', 780, 32, '2022-09-22', 10);
insert into store_product (id, title, slug, description, unit_price, inventory, last_update, collection_id) values (838, 'Veal - Tenderloin, Untrimmed', 'a879ujMUDVZ', 'deploy wireless paradigms', 491, 44, '2022-07-28', 7);
insert into store_product (id, title, slug, description, unit_price, inventory, last_update, collection_id) values (839, 'Longos - Chicken Cordon Bleu', 'MLtPK0', 'implement rich markets', 900, 26, '2022-03-17', 8);
insert into store_product (id, title, slug, description, unit_price, inventory, last_update, collection_id) values (840, 'C - Plus, Orange', 'jTiCus', 'extend intuitive partnerships', 418, 49, '2022-09-25', 4);
insert into store_product (id, title, slug, description, unit_price, inventory, last_update, collection_id) values (841, 'Cup - 6oz, Foam', 'lJmO6pmI', 'evolve 24/365 web services', 649, 46, '2022-01-15', 3);
insert into store_product (id, title, slug, description, unit_price, inventory, last_update, collection_id) values (842, 'Chocolate - White', 'ePfMC2d9oH', 'aggregate front-end web services', 186, 30, '2022-03-24', 5);
insert into store_product (id, title, slug, description, unit_price, inventory, last_update, collection_id) values (843, 'Breadfruit', 'CVF2dfYlM9', 'matrix innovative relationships', 325, 30, '2021-12-13', 1);
insert into store_product (id, title, slug, description, unit_price, inventory, last_update, collection_id) values (844, 'Flour - Bran, Red', 'kqs2GVix', 'mesh bleeding-edge experiences', 172, 12, '2022-01-31', 2);
insert into store_product (id, title, slug, description, unit_price, inventory, last_update, collection_id) values (845, 'Appetiser - Bought', 'dr4dlSIV0', 'orchestrate rich e-tailers', 196, 21, '2021-11-11', 6);
insert into store_product (id, title, slug, description, unit_price, inventory, last_update, collection_id) values (846, 'Wine - Duboeuf Beaujolais', 'ys6jn8', 'facilitate viral vortals', 267, 44, '2021-12-02', 5);
insert into store_product (id, title, slug, description, unit_price, inventory, last_update, collection_id) values (847, 'Sambuca Cream', 'jagCnV', 'mesh B2C supply-chains', 750, 14, '2021-11-21', 1);
insert into store_product (id, title, slug, description, unit_price, inventory, last_update, collection_id) values (848, 'Coffee Beans - Chocolate', 'x9oPcaW6P', 'implement cross-platform web-readiness', 777, 22, '2022-10-16', 8);
insert into store_product (id, title, slug, description, unit_price, inventory, last_update, collection_id) values (849, 'Apple - Delicious, Golden', 'qaL2V4', 'scale visionary convergence', 70, 13, '2022-10-07', 10);
insert into store_product (id, title, slug, description, unit_price, inventory, last_update, collection_id) values (850, 'Juice - Pineapple, 48 Oz', 'C516jldoYf', 'recontextualize mission-critical web services', 197, 42, '2022-01-04', 2);
insert into store_product (id, title, slug, description, unit_price, inventory, last_update, collection_id) values (851, 'True - Vue Containers', 'aOGSYvYwFcsQ', 'engineer compelling e-commerce', 512, 35, '2021-12-14', 9);
insert into store_product (id, title, slug, description, unit_price, inventory, last_update, collection_id) values (852, 'Asparagus - Frozen', 'ylPoOZ', 'scale compelling eyeballs', 611, 20, '2022-07-12', 5);
insert into store_product (id, title, slug, description, unit_price, inventory, last_update, collection_id) values (853, 'Muffin Batt - Ban Dream Zero', 'B0yRCrtlHW7', 'morph e-business synergies', 835, 35, '2022-10-08', 1);
insert into store_product (id, title, slug, description, unit_price, inventory, last_update, collection_id) values (854, 'Sauce - Ranch Dressing', '741nFHe', 'seize front-end synergies', 761, 16, '2022-06-13', 5);
insert into store_product (id, title, slug, description, unit_price, inventory, last_update, collection_id) values (855, 'Egg - Salad Premix', 'YMLuFk', 'expedite web-enabled content', 876, 37, '2022-10-08', 2);
insert into store_product (id, title, slug, description, unit_price, inventory, last_update, collection_id) values (856, 'Icecream - Dstk Strw Chseck', 'CQXt2Tle', 'visualize efficient methodologies', 331, 13, '2021-11-11', 5);
insert into store_product (id, title, slug, description, unit_price, inventory, last_update, collection_id) values (857, 'Wine - Penfolds Koonuga Hill', 'vLYlpBfSZ5bv', 'drive out-of-the-box eyeballs', 804, 27, '2022-01-26', 9);
insert into store_product (id, title, slug, description, unit_price, inventory, last_update, collection_id) values (858, 'Crab - Blue, Frozen', 'oA1QJxYBDd', 'expedite robust platforms', 48, 30, '2022-07-11', 8);
insert into store_product (id, title, slug, description, unit_price, inventory, last_update, collection_id) values (859, 'Wine - Red, Cabernet Sauvignon', '9MXOONZ', 'whiteboard cutting-edge synergies', 320, 43, '2022-03-03', 6);
insert into store_product (id, title, slug, description, unit_price, inventory, last_update, collection_id) values (860, 'Water - Green Tea Refresher', 'XYIgsyC3', 'streamline scalable bandwidth', 231, 41, '2022-09-26', 6);
insert into store_product (id, title, slug, description, unit_price, inventory, last_update, collection_id) values (861, 'Flour - Buckwheat, Dark', 'yU9LAse', 'syndicate real-time paradigms', 21, 19, '2022-06-29', 1);
insert into store_product (id, title, slug, description, unit_price, inventory, last_update, collection_id) values (862, 'Oil - Canola', 'UYxDUHn', 'transform out-of-the-box mindshare', 334, 13, '2022-02-18', 2);
insert into store_product (id, title, slug, description, unit_price, inventory, last_update, collection_id) values (863, 'Muffin Chocolate Individual Wrap', 'D1btaH3eGd', 'disintermediate distributed communities', 262, 34, '2022-04-09', 6);
insert into store_product (id, title, slug, description, unit_price, inventory, last_update, collection_id) values (864, 'Cinnamon - Ground', 'MOt42wV', 'synthesize back-end initiatives', 504, 23, '2022-01-28', 7);
insert into store_product (id, title, slug, description, unit_price, inventory, last_update, collection_id) values (865, 'Radish - Black, Winter, Organic', 'LSrW0jza', 'optimize magnetic infomediaries', 415, 12, '2021-11-30', 8);
insert into store_product (id, title, slug, description, unit_price, inventory, last_update, collection_id) values (866, 'Chips - Doritos', 'xEhSvQbJ', 'engage e-business networks', 77, 33, '2022-05-16', 3);
insert into store_product (id, title, slug, description, unit_price, inventory, last_update, collection_id) values (867, 'Carbonated Water - Orange', 'sP7Gucm', 'unleash interactive supply-chains', 294, 45, '2021-12-02', 8);
insert into store_product (id, title, slug, description, unit_price, inventory, last_update, collection_id) values (868, 'Energy Drink', 'q8Hrn1ktflnm', 'grow sticky markets', 383, 15, '2022-08-19', 2);
insert into store_product (id, title, slug, description, unit_price, inventory, last_update, collection_id) values (869, 'Yogurt - Banana, 175 Gr', 'aVNK2OowXd', 'expedite leading-edge paradigms', 592, 44, '2022-04-04', 5);
insert into store_product (id, title, slug, description, unit_price, inventory, last_update, collection_id) values (870, 'Turkey - Breast, Smoked', '9jUjeddiFgqW', 'productize bricks-and-clicks synergies', 558, 25, '2022-08-01', 3);
insert into store_product (id, title, slug, description, unit_price, inventory, last_update, collection_id) values (871, 'Veal - Loin', 'nbIphIpjTpN', 'empower end-to-end e-business', 702, 20, '2022-11-08', 2);
insert into store_product (id, title, slug, description, unit_price, inventory, last_update, collection_id) values (872, 'Mahi Mahi', 'ENrqvZyH', 'monetize ubiquitous infrastructures', 64, 12, '2022-01-15', 2);
insert into store_product (id, title, slug, description, unit_price, inventory, last_update, collection_id) values (873, 'Sauce - Chili', 'Al3v2TIREDGO', 'grow cross-media initiatives', 224, 39, '2021-12-25', 3);
insert into store_product (id, title, slug, description, unit_price, inventory, last_update, collection_id) values (874, 'Energy Drink - Franks Original', 'lFspH6l', 'brand granular web services', 300, 28, '2022-05-14', 3);
insert into store_product (id, title, slug, description, unit_price, inventory, last_update, collection_id) values (875, 'Wine - Savigny - Les - Beaune', 'zgyn9MCc', 'unleash viral eyeballs', 275, 32, '2021-11-28', 2);
insert into store_product (id, title, slug, description, unit_price, inventory, last_update, collection_id) values (876, 'Couscous', '9ilqhCC', 'visualize mission-critical metrics', 381, 36, '2022-08-12', 5);
insert into store_product (id, title, slug, description, unit_price, inventory, last_update, collection_id) values (877, 'Pork - European Side Bacon', 'sTlMVV', 'whiteboard holistic architectures', 614, 13, '2022-09-12', 9);
insert into store_product (id, title, slug, description, unit_price, inventory, last_update, collection_id) values (878, 'Vinegar - White Wine', '88knQoxoh0rP', 'facilitate collaborative supply-chains', 547, 14, '2022-03-30', 7);
insert into store_product (id, title, slug, description, unit_price, inventory, last_update, collection_id) values (879, 'Lettuce - Belgian Endive', 'g74Gn9T2', 'facilitate back-end mindshare', 694, 39, '2022-04-14', 1);
insert into store_product (id, title, slug, description, unit_price, inventory, last_update, collection_id) values (880, 'Raspberries - Fresh', '3R2neav', 'productize e-business markets', 173, 34, '2022-03-02', 3);
insert into store_product (id, title, slug, description, unit_price, inventory, last_update, collection_id) values (881, 'Tobasco Sauce', 'OHrEAyk95k', 'productize intuitive metrics', 329, 42, '2022-07-21', 1);
insert into store_product (id, title, slug, description, unit_price, inventory, last_update, collection_id) values (882, 'Lettuce - Frisee', 'jbzqaUkDiH', 'syndicate 24/365 supply-chains', 717, 22, '2022-08-26', 1);
insert into store_product (id, title, slug, description, unit_price, inventory, last_update, collection_id) values (883, 'Nori Sea Weed', '4I2hNxbEi', 'e-enable e-business e-business', 264, 11, '2022-04-09', 1);
insert into store_product (id, title, slug, description, unit_price, inventory, last_update, collection_id) values (884, 'Wine - Two Oceans Sauvignon', 'eYVFtsss4mc1', 'embrace virtual metrics', 107, 40, '2022-02-27', 6);
insert into store_product (id, title, slug, description, unit_price, inventory, last_update, collection_id) values (885, 'Pork - Loin, Center Cut', 'UixDZo', 'engineer interactive schemas', 250, 24, '2022-07-18', 1);
insert into store_product (id, title, slug, description, unit_price, inventory, last_update, collection_id) values (886, 'Wine - Red, Lurton Merlot De', 'wrltZr', 'strategize rich web-readiness', 61, 45, '2022-11-06', 1);
insert into store_product (id, title, slug, description, unit_price, inventory, last_update, collection_id) values (887, 'Cranberries - Fresh', '2EWBQpUqt', 'e-enable strategic partnerships', 269, 32, '2022-02-05', 1);
insert into store_product (id, title, slug, description, unit_price, inventory, last_update, collection_id) values (888, 'Wheat - Soft Kernal Of Wheat', 'ro9s9kt', 'unleash cutting-edge markets', 913, 30, '2022-02-05', 9);
insert into store_product (id, title, slug, description, unit_price, inventory, last_update, collection_id) values (889, 'Swordfish Loin Portions', 'wUgurRe', 'e-enable cross-platform networks', 667, 45, '2022-05-17', 2);
insert into store_product (id, title, slug, description, unit_price, inventory, last_update, collection_id) values (890, 'Neckerchief Blck', 'asZA74Vfh', 'engineer next-generation schemas', 596, 13, '2022-09-15', 9);
insert into store_product (id, title, slug, description, unit_price, inventory, last_update, collection_id) values (891, 'Mushroom - Shitake, Dry', 'eBlLCwCy9', 'integrate user-centric interfaces', 838, 12, '2022-08-12', 2);
insert into store_product (id, title, slug, description, unit_price, inventory, last_update, collection_id) values (892, 'Pork Ham Prager', 'M61c44zQ', 'repurpose scalable platforms', 553, 36, '2022-11-01', 10);
insert into store_product (id, title, slug, description, unit_price, inventory, last_update, collection_id) values (893, 'Apricots - Dried', 'n6YR6A57akw', 'exploit collaborative applications', 963, 25, '2022-04-23', 2);
insert into store_product (id, title, slug, description, unit_price, inventory, last_update, collection_id) values (894, 'Beef Cheek Fresh', 'D3OvMQWTYk4b', 'deliver compelling technologies', 887, 23, '2022-06-09', 6);
insert into store_product (id, title, slug, description, unit_price, inventory, last_update, collection_id) values (895, 'Banana - Green', 'R4ZnV83g0vUX', 'streamline 24/7 metrics', 669, 20, '2022-02-11', 4);
insert into store_product (id, title, slug, description, unit_price, inventory, last_update, collection_id) values (896, 'Chicken - White Meat, No Tender', 'WHFbGg1pO', 'deliver one-to-one e-services', 246, 21, '2022-07-10', 4);
insert into store_product (id, title, slug, description, unit_price, inventory, last_update, collection_id) values (897, 'Pork - Hock And Feet Attached', 'roZy9eZ8', 'implement 24/365 metrics', 17, 11, '2022-05-06', 4);
insert into store_product (id, title, slug, description, unit_price, inventory, last_update, collection_id) values (898, 'Chevril', 'FLojQP', 'expedite turn-key action-items', 471, 34, '2022-06-23', 8);
insert into store_product (id, title, slug, description, unit_price, inventory, last_update, collection_id) values (899, 'Quail - Whole, Bone - In', 'CYRrPSfimd1', 'enhance bleeding-edge e-markets', 211, 31, '2021-11-17', 5);
insert into store_product (id, title, slug, description, unit_price, inventory, last_update, collection_id) values (900, 'Bar Energy Chocchip', '4ICMxBauyvxt', 'architect holistic deliverables', 529, 35, '2022-02-10', 9);
insert into store_product (id, title, slug, description, unit_price, inventory, last_update, collection_id) values (901, 'Soup - Knorr, Chicken Noodle', 'SYr7b9Dcu', 'implement turn-key functionalities', 624, 25, '2021-12-30', 10);
insert into store_product (id, title, slug, description, unit_price, inventory, last_update, collection_id) values (902, 'Higashimaru Usukuchi Soy', 'myFGMBPu6t6D', 'recontextualize revolutionary technologies', 350, 48, '2022-10-09', 5);
insert into store_product (id, title, slug, description, unit_price, inventory, last_update, collection_id) values (903, 'Ice Cream Bar - Rolo Cone', 'Dqw0C7', 'incentivize 24/365 niches', 743, 34, '2022-07-28', 2);
insert into store_product (id, title, slug, description, unit_price, inventory, last_update, collection_id) values (904, 'Banana', 'Hhmu0tD', 'enhance world-class deliverables', 689, 30, '2022-05-20', 9);
insert into store_product (id, title, slug, description, unit_price, inventory, last_update, collection_id) values (905, 'Bacardi Breezer - Strawberry', 'mGaeTdb7urr', 'seize interactive models', 630, 19, '2022-03-03', 6);
insert into store_product (id, title, slug, description, unit_price, inventory, last_update, collection_id) values (906, 'Basil - Pesto Sauce', 'kWGxYJvX6k0n', 'e-enable leading-edge functionalities', 201, 29, '2021-12-01', 2);
insert into store_product (id, title, slug, description, unit_price, inventory, last_update, collection_id) values (907, 'Bread - Pita', 'jL1zCi', 'innovate transparent e-markets', 80, 38, '2022-02-09', 4);
insert into store_product (id, title, slug, description, unit_price, inventory, last_update, collection_id) values (908, 'Fudge - Cream Fudge', 'W2qX9VG9n', 'productize sticky systems', 603, 37, '2022-02-10', 4);
insert into store_product (id, title, slug, description, unit_price, inventory, last_update, collection_id) values (909, 'Pepper - Pablano', 'JAGCGCEH', 'mesh magnetic action-items', 337, 21, '2022-08-14', 9);
insert into store_product (id, title, slug, description, unit_price, inventory, last_update, collection_id) values (910, 'Chinese Foods - Chicken Wing', 'q9UlAxI', 'productize dot-com functionalities', 252, 34, '2022-06-10', 5);
insert into store_product (id, title, slug, description, unit_price, inventory, last_update, collection_id) values (911, 'Ice Cream Bar - Hageen Daz To', 'fpkyfe0Bh', 'streamline vertical e-markets', 99, 40, '2022-01-22', 2);
insert into store_product (id, title, slug, description, unit_price, inventory, last_update, collection_id) values (912, 'Foil Wrap', '4kFTEZlW80aR', 'incentivize B2B vortals', 611, 46, '2021-12-23', 7);
insert into store_product (id, title, slug, description, unit_price, inventory, last_update, collection_id) values (913, 'Mace', 'nRzLX5', 'embrace compelling platforms', 748, 29, '2022-08-27', 2);
insert into store_product (id, title, slug, description, unit_price, inventory, last_update, collection_id) values (914, 'Butter Sweet', 'Uezs1oUe6v', 'deploy magnetic functionalities', 829, 34, '2022-02-25', 9);
insert into store_product (id, title, slug, description, unit_price, inventory, last_update, collection_id) values (915, 'Mangoes', 'a4Ota2', 'expedite bleeding-edge web-readiness', 453, 31, '2022-06-17', 5);
insert into store_product (id, title, slug, description, unit_price, inventory, last_update, collection_id) values (916, 'Wasabi Powder', 'ZKRGlGWhDoto', 'recontextualize vertical markets', 482, 19, '2021-12-16', 3);
insert into store_product (id, title, slug, description, unit_price, inventory, last_update, collection_id) values (917, 'Pernod', 'FDm0rDjPNLY', 'exploit visionary models', 397, 35, '2022-09-03', 9);
insert into store_product (id, title, slug, description, unit_price, inventory, last_update, collection_id) values (918, 'Bread - Sour Batard', 'nFxqvs4', 'incentivize intuitive channels', 45, 28, '2022-06-02', 5);
insert into store_product (id, title, slug, description, unit_price, inventory, last_update, collection_id) values (919, 'Pork - Ham Hocks - Smoked', 'UZecMm1R', 'incubate global action-items', 181, 50, '2022-01-30', 8);
insert into store_product (id, title, slug, description, unit_price, inventory, last_update, collection_id) values (920, 'Momiji Oroshi Chili Sauce', 'xFGQMP8Z', 'maximize collaborative eyeballs', 548, 33, '2021-12-28', 2);
insert into store_product (id, title, slug, description, unit_price, inventory, last_update, collection_id) values (921, 'Juice - Apple, 1.36l', 'yeDKFYdSVZjf', 'envisioneer web-enabled methodologies', 414, 48, '2021-12-27', 7);
insert into store_product (id, title, slug, description, unit_price, inventory, last_update, collection_id) values (922, 'Carrots - Jumbo', 'omvJWW6edKY', 'unleash synergistic infomediaries', 463, 45, '2021-11-19', 2);
insert into store_product (id, title, slug, description, unit_price, inventory, last_update, collection_id) values (923, 'Beer - Blue Light', 'XBIi04', 'visualize interactive markets', 970, 16, '2022-08-07', 5);
insert into store_product (id, title, slug, description, unit_price, inventory, last_update, collection_id) values (924, 'Puree - Kiwi', 'j8Yo3e0oiR', 'strategize front-end content', 95, 31, '2022-01-09', 3);
insert into store_product (id, title, slug, description, unit_price, inventory, last_update, collection_id) values (925, 'Dc Hikiage Hira Huba', 'Gpx1mzt3Xxih', 'architect transparent e-commerce', 568, 19, '2022-03-02', 8);
insert into store_product (id, title, slug, description, unit_price, inventory, last_update, collection_id) values (926, 'Napkin - Dinner, White', 'IwSIDxxJNHf', 'evolve web-enabled communities', 519, 39, '2022-06-25', 10);
insert into store_product (id, title, slug, description, unit_price, inventory, last_update, collection_id) values (927, 'Cleaner - Comet', 'u7vJn0kNy', 'productize enterprise e-commerce', 644, 41, '2022-07-04', 9);
insert into store_product (id, title, slug, description, unit_price, inventory, last_update, collection_id) values (928, 'Emulsifier', 'rJ2QlUzMshQ', 'leverage viral ROI', 344, 38, '2022-11-02', 2);
insert into store_product (id, title, slug, description, unit_price, inventory, last_update, collection_id) values (929, 'Spinach - Frozen', 'vGePu22', 'enable viral action-items', 536, 34, '2022-10-30', 5);
insert into store_product (id, title, slug, description, unit_price, inventory, last_update, collection_id) values (930, 'Nori Sea Weed - Gold Label', 'DDFueyrfdyS4', 'drive enterprise metrics', 136, 26, '2022-04-06', 3);
insert into store_product (id, title, slug, description, unit_price, inventory, last_update, collection_id) values (931, 'Garlic - Primerba, Paste', '4JBKrbk6m', 'grow turn-key applications', 343, 27, '2022-01-23', 4);
insert into store_product (id, title, slug, description, unit_price, inventory, last_update, collection_id) values (932, 'Juice - Apple, 500 Ml', '88Hplk', 'transition interactive action-items', 136, 47, '2022-04-14', 2);
insert into store_product (id, title, slug, description, unit_price, inventory, last_update, collection_id) values (933, 'Wine - Spumante Bambino White', '6kqel6BC60F4', 'envisioneer robust e-services', 322, 35, '2022-08-16', 3);
insert into store_product (id, title, slug, description, unit_price, inventory, last_update, collection_id) values (934, 'Roe - Flying Fish', 'pU0C2HWpi', 'integrate real-time content', 952, 26, '2021-12-07', 1);
insert into store_product (id, title, slug, description, unit_price, inventory, last_update, collection_id) values (935, 'Muffin Batt - Choc Chk', 'O7mhWnywky', 'aggregate sexy web services', 23, 41, '2022-10-13', 8);
insert into store_product (id, title, slug, description, unit_price, inventory, last_update, collection_id) values (936, 'Oregano - Fresh', 'gUeu63w', 'implement 24/365 models', 827, 35, '2022-09-13', 5);
insert into store_product (id, title, slug, description, unit_price, inventory, last_update, collection_id) values (937, 'Carroway Seed', '6kMD5K', 'empower real-time niches', 809, 41, '2021-12-01', 9);
insert into store_product (id, title, slug, description, unit_price, inventory, last_update, collection_id) values (938, 'Bread Crumbs - Panko', '7D9zjoY', 'reinvent cutting-edge technologies', 683, 44, '2022-06-04', 10);
insert into store_product (id, title, slug, description, unit_price, inventory, last_update, collection_id) values (939, 'Flour - Rye', 'rPYni6n6Aj', 'streamline plug-and-play methodologies', 512, 40, '2022-02-05', 7);
insert into store_product (id, title, slug, description, unit_price, inventory, last_update, collection_id) values (940, 'Chervil - Fresh', 'VZHJ61zam', 'disintermediate scalable action-items', 34, 11, '2022-01-11', 8);
insert into store_product (id, title, slug, description, unit_price, inventory, last_update, collection_id) values (941, 'Bread - Dark Rye', 'XUIz5bND0O', 'reintermediate innovative web services', 354, 20, '2022-04-27', 10);
insert into store_product (id, title, slug, description, unit_price, inventory, last_update, collection_id) values (942, 'Schnappes - Peach, Walkers', '1ixXKNHxos', 'engage B2B e-business', 300, 33, '2021-12-27', 1);
insert into store_product (id, title, slug, description, unit_price, inventory, last_update, collection_id) values (943, 'Crab Meat Claw Pasteurise', 'FIhsQEwS', 'synergize virtual networks', 665, 35, '2022-02-15', 1);
insert into store_product (id, title, slug, description, unit_price, inventory, last_update, collection_id) values (944, 'Bread - Mini Hamburger Bun', 'XNkF3eDHU', 'incubate B2C initiatives', 157, 23, '2022-04-24', 8);
insert into store_product (id, title, slug, description, unit_price, inventory, last_update, collection_id) values (945, 'Anchovy Fillets', '0iGBUI', 'orchestrate ubiquitous e-commerce', 567, 31, '2021-12-21', 9);
insert into store_product (id, title, slug, description, unit_price, inventory, last_update, collection_id) values (946, 'Hand Towel', 'i6R0In', 'whiteboard revolutionary systems', 136, 29, '2022-03-20', 5);
insert into store_product (id, title, slug, description, unit_price, inventory, last_update, collection_id) values (947, 'Juice - Cranberry 284ml', '7seP3HGBE6fh', 'optimize cross-platform experiences', 233, 29, '2022-01-20', 4);
insert into store_product (id, title, slug, description, unit_price, inventory, last_update, collection_id) values (948, 'Sprouts - Alfalfa', 'ULP0LMW24', 'unleash seamless schemas', 116, 20, '2022-03-25', 3);
insert into store_product (id, title, slug, description, unit_price, inventory, last_update, collection_id) values (949, 'Pea - Snow', 'jxOb3DDaHgDp', 'utilize customized users', 934, 36, '2022-06-02', 7);
insert into store_product (id, title, slug, description, unit_price, inventory, last_update, collection_id) values (950, 'Clams - Canned', '6AFjX6URVfwO', 'orchestrate wireless methodologies', 710, 49, '2022-02-01', 5);
insert into store_product (id, title, slug, description, unit_price, inventory, last_update, collection_id) values (951, 'Lobster - Tail, 3 - 4 Oz', 'ARi0rFf', 'enhance dot-com functionalities', 599, 42, '2022-01-03', 6);
insert into store_product (id, title, slug, description, unit_price, inventory, last_update, collection_id) values (952, 'Bread - White, Sliced', 'n0bmEO', 'benchmark back-end synergies', 448, 34, '2022-05-06', 4);
insert into store_product (id, title, slug, description, unit_price, inventory, last_update, collection_id) values (953, 'Lettuce - Radicchio', 'DQkArvIG', 'transition world-class eyeballs', 573, 19, '2022-07-20', 8);
insert into store_product (id, title, slug, description, unit_price, inventory, last_update, collection_id) values (954, 'Beans - French', '58pBhh2', 'exploit scalable relationships', 835, 40, '2022-09-13', 10);
insert into store_product (id, title, slug, description, unit_price, inventory, last_update, collection_id) values (955, 'Jameson - Irish Whiskey', 'yLAIwTVG', 'harness holistic platforms', 536, 43, '2022-09-10', 10);
insert into store_product (id, title, slug, description, unit_price, inventory, last_update, collection_id) values (956, 'Gatorade - Orange', 'NW5Yd5Wn2NRe', 'deliver efficient vortals', 249, 48, '2021-12-05', 9);
insert into store_product (id, title, slug, description, unit_price, inventory, last_update, collection_id) values (957, 'Wine - Merlot Vina Carmen', 'IUACMJ', 'optimize viral solutions', 968, 17, '2022-03-26', 8);
insert into store_product (id, title, slug, description, unit_price, inventory, last_update, collection_id) values (958, 'Wine - Zinfandel Rosenblum', 'Tkkmn0hDmHZ', 'integrate frictionless e-markets', 376, 47, '2022-02-18', 10);
insert into store_product (id, title, slug, description, unit_price, inventory, last_update, collection_id) values (959, 'Cheese - Brie,danish', 'DpwR4eSoypIn', 'whiteboard world-class models', 259, 35, '2022-02-07', 6);
insert into store_product (id, title, slug, description, unit_price, inventory, last_update, collection_id) values (960, 'Lettuce - Boston Bib - Organic', '7ysNexhLg5fG', 'empower ubiquitous portals', 276, 49, '2021-11-20', 7);
insert into store_product (id, title, slug, description, unit_price, inventory, last_update, collection_id) values (961, 'Mace', 'AqxOP1TN5', 'implement front-end schemas', 127, 49, '2022-07-11', 1);
insert into store_product (id, title, slug, description, unit_price, inventory, last_update, collection_id) values (962, 'Curry Paste - Green Masala', 'WaOk10HPGR', 'engineer bleeding-edge e-tailers', 775, 41, '2022-01-13', 2);
insert into store_product (id, title, slug, description, unit_price, inventory, last_update, collection_id) values (963, 'Apples - Spartan', 'Q7rgp4Fpr', 'innovate strategic ROI', 583, 18, '2022-10-26', 8);
insert into store_product (id, title, slug, description, unit_price, inventory, last_update, collection_id) values (964, 'Chocolate - Unsweetened', 'TmmRNxeAki', 'extend cross-platform initiatives', 974, 41, '2022-09-19', 3);
insert into store_product (id, title, slug, description, unit_price, inventory, last_update, collection_id) values (965, 'Cheese - Blue', 'AH5AO2xU', 'transform seamless networks', 28, 47, '2022-03-23', 6);
insert into store_product (id, title, slug, description, unit_price, inventory, last_update, collection_id) values (966, 'Extract - Rum', 'MrxiSLnq', 'generate clicks-and-mortar architectures', 107, 48, '2021-11-29', 1);
insert into store_product (id, title, slug, description, unit_price, inventory, last_update, collection_id) values (967, 'Chick Peas - Dried', 'PYVCbpKMW8r', 'facilitate bleeding-edge technologies', 895, 18, '2022-01-10', 3);
insert into store_product (id, title, slug, description, unit_price, inventory, last_update, collection_id) values (968, 'Kolrabi', 'Ukh8CcuelUKj', 'incentivize frictionless deliverables', 819, 50, '2022-09-02', 7);
insert into store_product (id, title, slug, description, unit_price, inventory, last_update, collection_id) values (969, 'Wine - Lamancha Do Crianza', 'vlLDXFzBV97', 'expedite B2C content', 976, 50, '2022-01-30', 7);
insert into store_product (id, title, slug, description, unit_price, inventory, last_update, collection_id) values (970, 'Cheese - Mozzarella, Buffalo', 'Iha8GH4xL686', 'transform turn-key partnerships', 402, 40, '2022-04-19', 8);
insert into store_product (id, title, slug, description, unit_price, inventory, last_update, collection_id) values (971, 'Laundry - Bag Cloth', '46JMFIDW30lk', 'incubate cross-platform schemas', 659, 39, '2022-06-16', 2);
insert into store_product (id, title, slug, description, unit_price, inventory, last_update, collection_id) values (972, 'Gelatine Leaves - Envelopes', 'cAHz19lYqs', 'exploit efficient ROI', 67, 26, '2022-03-03', 9);
insert into store_product (id, title, slug, description, unit_price, inventory, last_update, collection_id) values (973, 'Wine - Winzer Krems Gruner', 'xyMsYg', 'enhance web-enabled methodologies', 333, 36, '2022-09-13', 1);
insert into store_product (id, title, slug, description, unit_price, inventory, last_update, collection_id) values (974, 'Chef Hat 25cm', '9BVWQ8rLN7M', 'enable best-of-breed applications', 359, 39, '2022-01-28', 6);
insert into store_product (id, title, slug, description, unit_price, inventory, last_update, collection_id) values (975, 'Steam Pan - Half Size Deep', 'YOxmTCHpRSS', 'target world-class eyeballs', 348, 32, '2022-03-10', 8);
insert into store_product (id, title, slug, description, unit_price, inventory, last_update, collection_id) values (976, 'Soupfoamcont12oz 112con', '09gT0R70', 'reintermediate bleeding-edge systems', 695, 42, '2022-05-18', 8);
insert into store_product (id, title, slug, description, unit_price, inventory, last_update, collection_id) values (977, 'Tomatoes Tear Drop', 'uZz8eSJU', 'unleash dynamic content', 288, 14, '2022-03-16', 2);
insert into store_product (id, title, slug, description, unit_price, inventory, last_update, collection_id) values (978, 'Beans - Black Bean, Dry', 'EaRLugbJRXM2', 'brand value-added synergies', 823, 13, '2022-10-14', 8);
insert into store_product (id, title, slug, description, unit_price, inventory, last_update, collection_id) values (979, 'Extract - Almond', 'vq5xJeC2e', 'harness vertical convergence', 135, 11, '2022-02-21', 5);
insert into store_product (id, title, slug, description, unit_price, inventory, last_update, collection_id) values (980, 'Lemon Pepper', '2My9hsdY7', 'implement user-centric e-commerce', 250, 33, '2022-09-04', 5);
insert into store_product (id, title, slug, description, unit_price, inventory, last_update, collection_id) values (981, 'Temperature Recording Station', 'qI2eibRc1', 'reinvent best-of-breed models', 851, 44, '2022-06-10', 7);
insert into store_product (id, title, slug, description, unit_price, inventory, last_update, collection_id) values (982, 'Nut - Cashews, Whole, Raw', '3NGt9cq', 'whiteboard rich markets', 251, 44, '2022-07-08', 5);
insert into store_product (id, title, slug, description, unit_price, inventory, last_update, collection_id) values (983, 'Wine - Magnotta - Pinot Gris Sr', 'sKP3IYREmR2', 'utilize frictionless applications', 405, 11, '2021-12-25', 1);
insert into store_product (id, title, slug, description, unit_price, inventory, last_update, collection_id) values (984, 'Wine - Sherry Dry Sack, William', 'PyntYHIRV', 'transform robust interfaces', 718, 40, '2022-01-08', 3);
insert into store_product (id, title, slug, description, unit_price, inventory, last_update, collection_id) values (985, 'Lamb - Whole, Fresh', 'UxT5fB9v', 'iterate enterprise ROI', 995, 36, '2022-05-01', 4);
insert into store_product (id, title, slug, description, unit_price, inventory, last_update, collection_id) values (986, 'Wine - Domaine Boyar Royal', '9JKbbOc', 'iterate efficient bandwidth', 226, 21, '2022-09-02', 5);
insert into store_product (id, title, slug, description, unit_price, inventory, last_update, collection_id) values (987, 'Sauce - Balsamic Viniagrette', 'ikE7nvt', 'deliver e-business web-readiness', 982, 17, '2022-04-21', 9);
insert into store_product (id, title, slug, description, unit_price, inventory, last_update, collection_id) values (988, 'Watercress', 'avnbRUOolM6', 'morph killer solutions', 640, 26, '2022-10-25', 10);
insert into store_product (id, title, slug, description, unit_price, inventory, last_update, collection_id) values (989, 'Tea - Jasmin Green', '9gVC9JLstMF', 'extend virtual e-markets', 807, 24, '2022-10-25', 4);
insert into store_product (id, title, slug, description, unit_price, inventory, last_update, collection_id) values (990, 'Juice - Ocean Spray Cranberry', 'aC2Dy7WAU77s', 'expedite synergistic paradigms', 231, 36, '2022-10-13', 7);
insert into store_product (id, title, slug, description, unit_price, inventory, last_update, collection_id) values (991, 'Tomatoes', 'dyrpWOrt8C', 'streamline web-enabled infomediaries', 522, 40, '2022-09-07', 8);
insert into store_product (id, title, slug, description, unit_price, inventory, last_update, collection_id) values (992, 'Blue Curacao - Marie Brizard', 'xykil3QsbTx', 'synergize ubiquitous mindshare', 675, 30, '2022-10-25', 4);
insert into store_product (id, title, slug, description, unit_price, inventory, last_update, collection_id) values (993, 'Yogurt - Banana, 175 Gr', 'X3cLgtgtodC0', 'strategize one-to-one platforms', 673, 44, '2022-10-08', 10);
insert into store_product (id, title, slug, description, unit_price, inventory, last_update, collection_id) values (994, 'Pop - Club Soda Can', 'vMpnYsotW5', 'morph wireless systems', 33, 18, '2022-01-16', 5);
insert into store_product (id, title, slug, description, unit_price, inventory, last_update, collection_id) values (995, 'Pork - Smoked Kassler', 'eHqRREXyQ', 'streamline scalable infomediaries', 533, 40, '2022-08-03', 1);
insert into store_product (id, title, slug, description, unit_price, inventory, last_update, collection_id) values (996, 'Salt - Kosher', 'FwOmhlwwysnz', 'enable transparent eyeballs', 743, 41, '2022-03-02', 3);
insert into store_product (id, title, slug, description, unit_price, inventory, last_update, collection_id) values (997, 'Bread - Pumpernickel', 'Sw4znTFgfXld', 'architect compelling systems', 119, 39, '2022-05-29', 10);
insert into store_product (id, title, slug, description, unit_price, inventory, last_update, collection_id) values (998, 'Spice - Greek 1 Step', 'kgpIVdhYneGQ', 'streamline scalable schemas', 824, 27, '2022-01-14', 2);
insert into store_product (id, title, slug, description, unit_price, inventory, last_update, collection_id) values (999, 'Lobster - Cooked', 'TtCeQz3o6m', 'orchestrate proactive technologies', 650, 45, '2022-05-23', 8);
insert into store_product (id, title, slug, description, unit_price, inventory, last_update, collection_id) values (1000, 'Juice - V8 Splash', 'mE6ikGG4bnws', 'embrace value-added initiatives', 27, 40, '2022-03-19', 2);

-- Users
insert into core_user (id, username, password, last_login, first_name, last_name, date_joined, email, is_staff, is_superuser, is_active) values (1, 'rokie0', 'DWPKGEg', '2022-05-07', 'Rowney', 'Okie', '2022-01-27', 'rokie0@si.edu', 0, 0, 0);
insert into core_user (id, username, password, last_login, first_name, last_name, date_joined, email, is_staff, is_superuser, is_active) values (2, 'bgelletly1', 'QN9WnbHHN', '2022-03-13', 'Blondelle', 'Gelletly', '2022-06-15', 'bgelletly1@mlb.com', 0, 0, 0);
insert into core_user (id, username, password, last_login, first_name, last_name, date_joined, email, is_staff, is_superuser, is_active) values (3, 'hnunns2', 'r6CADAsKZ', '2022-10-11', 'Hamel', 'Nunns', '2022-07-23', 'hnunns2@yolasite.com', 0, 0, 0);
insert into core_user (id, username, password, last_login, first_name, last_name, date_joined, email, is_staff, is_superuser, is_active) values (4, 'sgrills3', 'p59uiK', '2022-01-21', 'Sawyer', 'Grills', '2022-11-03', 'sgrills3@wordpress.com', 0, 0, 0);
insert into core_user (id, username, password, last_login, first_name, last_name, date_joined, email, is_staff, is_superuser, is_active) values (5, 'ndelgua4', 'oRI09bzj4c', '2022-07-29', 'Nickie', 'Delgua', '2022-02-21', 'ndelgua4@a8.net', 0, 0, 0);
insert into core_user (id, username, password, last_login, first_name, last_name, date_joined, email, is_staff, is_superuser, is_active) values (6, 'zbroadberry5', 'vFmyBCq', '2022-05-28', 'Zondra', 'Broadberry', '2022-08-06', 'zbroadberry5@dagondesign.com', 0, 0, 0);
insert into core_user (id, username, password, last_login, first_name, last_name, date_joined, email, is_staff, is_superuser, is_active) values (7, 'athew6', 'n3gEfgmm5eF', '2022-01-25', 'Averil', 'Thew', '2021-12-29', 'athew6@ifeng.com', 0, 0, 0);
insert into core_user (id, username, password, last_login, first_name, last_name, date_joined, email, is_staff, is_superuser, is_active) values (8, 'rcumesky7', '7ztLhP8', '2022-09-27', 'Reiko', 'Cumesky', '2022-04-05', 'rcumesky7@berkeley.edu', 0, 0, 0);
insert into core_user (id, username, password, last_login, first_name, last_name, date_joined, email, is_staff, is_superuser, is_active) values (9, 'rmuckle8', 'aIZzmlME6Z', '2021-12-12', 'Rossie', 'Muckle', '2022-09-09', 'rmuckle8@com.com', 0, 0, 0);
insert into core_user (id, username, password, last_login, first_name, last_name, date_joined, email, is_staff, is_superuser, is_active) values (10, 'mbaldery9', 'gY7wey4CX8', '2022-03-14', 'Mart', 'Baldery', '2022-10-19', 'mbaldery9@omniture.com', 0, 0, 0);
insert into core_user (id, username, password, last_login, first_name, last_name, date_joined, email, is_staff, is_superuser, is_active) values (11, 'mdaversa', 'o3wgQ7NcMu', '2022-10-14', 'Manolo', 'Davers', '2022-08-15', 'mdaversa@google.com.hk', 0, 0, 0);
insert into core_user (id, username, password, last_login, first_name, last_name, date_joined, email, is_staff, is_superuser, is_active) values (12, 'tscolab', '3ELa2d4AqL', '2021-12-14', 'Teriann', 'Scola', '2022-04-27', 'tscolab@si.edu', 0, 0, 0);
insert into core_user (id, username, password, last_login, first_name, last_name, date_joined, email, is_staff, is_superuser, is_active) values (13, 'pstitlec', 'OIrkyNU', '2021-11-21', 'Paulita', 'Stitle', '2022-10-08', 'pstitlec@businessinsider.com', 0, 0, 0);
insert into core_user (id, username, password, last_login, first_name, last_name, date_joined, email, is_staff, is_superuser, is_active) values (14, 'deddisond', 'DFeDG8ZRUtvt', '2022-01-07', 'Delcine', 'Eddison', '2022-03-21', 'deddisond@un.org', 0, 0, 0);
insert into core_user (id, username, password, last_login, first_name, last_name, date_joined, email, is_staff, is_superuser, is_active) values (15, 'ebishe', '0FNkwHhwlW4y', '2022-09-06', 'Emmanuel', 'Bish', '2022-06-02', 'ebishe@uiuc.edu', 0, 0, 0);
insert into core_user (id, username, password, last_login, first_name, last_name, date_joined, email, is_staff, is_superuser, is_active) values (16, 'kdumingof', 'qhLLb7EEiY', '2022-07-21', 'Krishnah', 'Dumingo', '2022-10-24', 'kdumingof@nationalgeographic.com', 0, 0, 0);
insert into core_user (id, username, password, last_login, first_name, last_name, date_joined, email, is_staff, is_superuser, is_active) values (17, 'rhinzeg', 'Od1XVxAG', '2022-04-04', 'Ronni', 'Hinze', '2022-03-08', 'rhinzeg@hibu.com', 0, 0, 0);
insert into core_user (id, username, password, last_login, first_name, last_name, date_joined, email, is_staff, is_superuser, is_active) values (18, 'capflerh', 'l4IamwDMRKGp', '2022-03-10', 'Cheslie', 'Apfler', '2022-09-08', 'capflerh@cbsnews.com', 0, 0, 0);
insert into core_user (id, username, password, last_login, first_name, last_name, date_joined, email, is_staff, is_superuser, is_active) values (19, 'cmcgrottyi', 'yFNT6V', '2022-05-22', 'Christian', 'McGrotty', '2022-06-28', 'cmcgrottyi@i2i.jp', 0, 0, 0);
insert into core_user (id, username, password, last_login, first_name, last_name, date_joined, email, is_staff, is_superuser, is_active) values (20, 'ggwynethj', 'VbEtmweO', '2022-01-10', 'Gabriele', 'Gwyneth', '2022-10-21', 'ggwynethj@noaa.gov', 0, 0, 0);
insert into core_user (id, username, password, last_login, first_name, last_name, date_joined, email, is_staff, is_superuser, is_active) values (21, 'agrabehamk', 'hblC9VgiseZ', '2022-09-16', 'Austin', 'Grabeham', '2022-06-20', 'agrabehamk@gravatar.com', 0, 0, 0);
insert into core_user (id, username, password, last_login, first_name, last_name, date_joined, email, is_staff, is_superuser, is_active) values (22, 'marthanl', 'jAO1cr7L', '2022-10-27', 'Merrill', 'Arthan', '2022-03-16', 'marthanl@zimbio.com', 0, 0, 0);
insert into core_user (id, username, password, last_login, first_name, last_name, date_joined, email, is_staff, is_superuser, is_active) values (23, 'vcarnduffm', '0SBOWL3aHH', '2022-06-10', 'Velvet', 'Carnduff', '2022-09-27', 'vcarnduffm@meetup.com', 0, 0, 0);
insert into core_user (id, username, password, last_login, first_name, last_name, date_joined, email, is_staff, is_superuser, is_active) values (24, 'myakushkinn', 'Bf4NnwbyoW9', '2022-04-11', 'Morry', 'Yakushkin', '2022-07-16', 'myakushkinn@bizjournals.com', 0, 0, 0);
insert into core_user (id, username, password, last_login, first_name, last_name, date_joined, email, is_staff, is_superuser, is_active) values (25, 'kstivanio', 'hmbItpwW', '2022-04-01', 'Kennith', 'Stivani', '2022-08-11', 'kstivanio@canalblog.com', 0, 0, 0);
insert into core_user (id, username, password, last_login, first_name, last_name, date_joined, email, is_staff, is_superuser, is_active) values (26, 'lspollenp', 'PrkECdL', '2022-10-29', 'Lainey', 'Spollen', '2022-04-18', 'lspollenp@japanpost.jp', 0, 0, 0);
insert into core_user (id, username, password, last_login, first_name, last_name, date_joined, email, is_staff, is_superuser, is_active) values (27, 'msodoq', '7fkUy3RfP9er', '2022-10-29', 'Morna', 'Sodo', '2022-08-15', 'msodoq@businesswire.com', 0, 0, 0);
insert into core_user (id, username, password, last_login, first_name, last_name, date_joined, email, is_staff, is_superuser, is_active) values (28, 'gsleightholmr', 'YxXDXGw7lWEX', '2022-08-03', 'Guendolen', 'Sleightholm', '2022-06-11', 'gsleightholmr@pcworld.com', 0, 0, 0);
insert into core_user (id, username, password, last_login, first_name, last_name, date_joined, email, is_staff, is_superuser, is_active) values (29, 'estitfalls', 'RukroRr', '2022-02-11', 'Elsworth', 'Stitfall', '2022-06-23', 'estitfalls@dell.com', 0, 0, 0);
insert into core_user (id, username, password, last_login, first_name, last_name, date_joined, email, is_staff, is_superuser, is_active) values (30, 'lbranchflowert', '3v20Kx', '2022-06-05', 'Luther', 'Branchflower', '2022-01-11', 'lbranchflowert@washingtonpost.com', 0, 0, 0);
insert into core_user (id, username, password, last_login, first_name, last_name, date_joined, email, is_staff, is_superuser, is_active) values (31, 'jcaroliu', 'krx00bNk8', '2022-02-21', 'Jamie', 'Caroli', '2021-11-16', 'jcaroliu@washington.edu', 0, 0, 0);
insert into core_user (id, username, password, last_login, first_name, last_name, date_joined, email, is_staff, is_superuser, is_active) values (32, 'bcolegrovev', 'JXu2R7XqvN', '2022-04-12', 'Brenda', 'Colegrove', '2022-07-29', 'bcolegrovev@adobe.com', 0, 0, 0);
insert into core_user (id, username, password, last_login, first_name, last_name, date_joined, email, is_staff, is_superuser, is_active) values (33, 'vkleinfeldw', '3hYAgMFme6', '2021-11-29', 'Violette', 'Kleinfeld', '2022-10-19', 'vkleinfeldw@youtube.com', 0, 0, 0);
insert into core_user (id, username, password, last_login, first_name, last_name, date_joined, email, is_staff, is_superuser, is_active) values (34, 'asainteaux', 'uajPyCf', '2022-08-13', 'Alwin', 'Sainteau', '2022-03-18', 'asainteaux@storify.com', 0, 0, 0);
insert into core_user (id, username, password, last_login, first_name, last_name, date_joined, email, is_staff, is_superuser, is_active) values (35, 'pshimwelly', 'P3bUZd8l', '2022-06-05', 'Peta', 'Shimwell', '2022-01-01', 'pshimwelly@tripadvisor.com', 0, 0, 0);
insert into core_user (id, username, password, last_login, first_name, last_name, date_joined, email, is_staff, is_superuser, is_active) values (36, 'ahanbyz', 'hafT0jpm0', '2022-07-09', 'Adrian', 'Hanby', '2022-05-08', 'ahanbyz@youtu.be', 0, 0, 0);
insert into core_user (id, username, password, last_login, first_name, last_name, date_joined, email, is_staff, is_superuser, is_active) values (37, 'rreignard10', 'TsinUGGM', '2022-02-25', 'Rockey', 'Reignard', '2022-05-27', 'rreignard10@yelp.com', 0, 0, 0);
insert into core_user (id, username, password, last_login, first_name, last_name, date_joined, email, is_staff, is_superuser, is_active) values (38, 'mcheevers11', 'L3gsAur', '2022-08-10', 'Moishe', 'Cheevers', '2021-12-20', 'mcheevers11@mac.com', 0, 0, 0);
insert into core_user (id, username, password, last_login, first_name, last_name, date_joined, email, is_staff, is_superuser, is_active) values (39, 'lcordner12', 'LikxC3amY', '2022-06-18', 'Letti', 'Cordner', '2022-09-13', 'lcordner12@timesonline.co.uk', 0, 0, 0);
insert into core_user (id, username, password, last_login, first_name, last_name, date_joined, email, is_staff, is_superuser, is_active) values (40, 'smourbey13', 'txKCoUhFM', '2022-10-20', 'Sauveur', 'Mourbey', '2021-12-27', 'smourbey13@ebay.co.uk', 0, 0, 0);
insert into core_user (id, username, password, last_login, first_name, last_name, date_joined, email, is_staff, is_superuser, is_active) values (41, 'pbohje14', '3ODzXhz', '2022-08-08', 'Parnell', 'Bohje', '2022-05-05', 'pbohje14@gravatar.com', 0, 0, 0);
insert into core_user (id, username, password, last_login, first_name, last_name, date_joined, email, is_staff, is_superuser, is_active) values (42, 'cbeckinsall15', 'NIu2Xoqm4pe', '2022-05-17', 'Corly', 'Beckinsall', '2022-06-25', 'cbeckinsall15@domainmarket.com', 0, 0, 0);
insert into core_user (id, username, password, last_login, first_name, last_name, date_joined, email, is_staff, is_superuser, is_active) values (43, 'kcopcott16', 'DUfvWMAv4', '2022-07-12', 'Kriste', 'Copcott', '2022-07-05', 'kcopcott16@phoca.cz', 0, 0, 0);
insert into core_user (id, username, password, last_login, first_name, last_name, date_joined, email, is_staff, is_superuser, is_active) values (44, 'gmacquist17', 'fRVThHrieNB', '2022-02-08', 'Granville', 'MacQuist', '2022-05-15', 'gmacquist17@nature.com', 0, 0, 0);
insert into core_user (id, username, password, last_login, first_name, last_name, date_joined, email, is_staff, is_superuser, is_active) values (45, 'lpennacci18', 'K9Ytry9Jvk', '2022-04-30', 'Luce', 'Pennacci', '2022-09-29', 'lpennacci18@lycos.com', 0, 0, 0);
insert into core_user (id, username, password, last_login, first_name, last_name, date_joined, email, is_staff, is_superuser, is_active) values (46, 'mnolte19', '2XS2I84D', '2022-01-31', 'Michele', 'Nolte', '2021-12-06', 'mnolte19@yelp.com', 0, 0, 0);
insert into core_user (id, username, password, last_login, first_name, last_name, date_joined, email, is_staff, is_superuser, is_active) values (47, 'wcornilli1a', '0PjRce', '2022-07-31', 'Wiatt', 'Cornilli', '2022-04-11', 'wcornilli1a@parallels.com', 0, 0, 0);
insert into core_user (id, username, password, last_login, first_name, last_name, date_joined, email, is_staff, is_superuser, is_active) values (48, 'apottinger1b', 'zbzlVMR', '2022-08-28', 'Auria', 'Pottinger', '2022-08-15', 'apottinger1b@parallels.com', 0, 0, 0);
insert into core_user (id, username, password, last_login, first_name, last_name, date_joined, email, is_staff, is_superuser, is_active) values (49, 'jpedrielli1c', 'n8lZk8', '2021-11-22', 'Jimmie', 'Pedrielli', '2022-05-10', 'jpedrielli1c@usatoday.com', 0, 0, 0);
insert into core_user (id, username, password, last_login, first_name, last_name, date_joined, email, is_staff, is_superuser, is_active) values (50, 'cwestoll1d', 'sxCXUIca', '2021-12-27', 'Crysta', 'Westoll', '2022-07-08', 'cwestoll1d@a8.net', 0, 0, 0);
insert into core_user (id, username, password, last_login, first_name, last_name, date_joined, email, is_staff, is_superuser, is_active) values (51, 'shanshaw1e', 'Ksc2S7p', '2022-09-04', 'Sebastiano', 'Hanshaw', '2022-09-09', 'shanshaw1e@pinterest.com', 0, 0, 0);
insert into core_user (id, username, password, last_login, first_name, last_name, date_joined, email, is_staff, is_superuser, is_active) values (52, 'jdondon1f', 'WdyWjLABSb', '2022-09-11', 'Johnette', 'Dondon', '2022-08-14', 'jdondon1f@topsy.com', 0, 0, 0);
insert into core_user (id, username, password, last_login, first_name, last_name, date_joined, email, is_staff, is_superuser, is_active) values (53, 'gscrogges1g', 'cYDxDlsg', '2021-12-14', 'Gery', 'Scrogges', '2022-04-28', 'gscrogges1g@narod.ru', 0, 0, 0);
insert into core_user (id, username, password, last_login, first_name, last_name, date_joined, email, is_staff, is_superuser, is_active) values (54, 'gmorfell1h', 'LXFeO8G', '2022-03-08', 'Garrot', 'Morfell', '2022-07-14', 'gmorfell1h@aol.com', 0, 0, 0);
insert into core_user (id, username, password, last_login, first_name, last_name, date_joined, email, is_staff, is_superuser, is_active) values (55, 'hvanbruggen1i', 'LNaWLc9c', '2022-01-06', 'Hillyer', 'Van Bruggen', '2022-10-16', 'hvanbruggen1i@howstuffworks.com', 0, 0, 0);
insert into core_user (id, username, password, last_login, first_name, last_name, date_joined, email, is_staff, is_superuser, is_active) values (56, 'abuffey1j', 'hbptojwbB', '2022-09-20', 'Arnoldo', 'Buffey', '2021-12-10', 'abuffey1j@cloudflare.com', 0, 0, 0);
insert into core_user (id, username, password, last_login, first_name, last_name, date_joined, email, is_staff, is_superuser, is_active) values (57, 'gdurden1k', '09HdNw', '2021-12-23', 'Gaven', 'Durden', '2022-07-19', 'gdurden1k@narod.ru', 0, 0, 0);
insert into core_user (id, username, password, last_login, first_name, last_name, date_joined, email, is_staff, is_superuser, is_active) values (58, 'dpine1l', 'MdQfUG', '2022-03-15', 'Dee', 'Pine', '2022-07-08', 'dpine1l@cmu.edu', 0, 0, 0);
insert into core_user (id, username, password, last_login, first_name, last_name, date_joined, email, is_staff, is_superuser, is_active) values (59, 'candreolli1m', 'zfFcJqt3', '2022-03-06', 'Chelsey', 'Andreolli', '2022-07-09', 'candreolli1m@deviantart.com', 0, 0, 0);
insert into core_user (id, username, password, last_login, first_name, last_name, date_joined, email, is_staff, is_superuser, is_active) values (60, 'egyurkovics1n', '1I41zEbrqNR', '2022-08-16', 'Enrichetta', 'Gyurkovics', '2022-01-18', 'egyurkovics1n@friendfeed.com', 0, 0, 0);
insert into core_user (id, username, password, last_login, first_name, last_name, date_joined, email, is_staff, is_superuser, is_active) values (61, 'psquibbes1o', 'phehgjm', '2022-10-02', 'Petey', 'Squibbes', '2022-10-02', 'psquibbes1o@xinhuanet.com', 0, 0, 0);
insert into core_user (id, username, password, last_login, first_name, last_name, date_joined, email, is_staff, is_superuser, is_active) values (62, 'rbottjer1p', 'zybV0I', '2022-03-17', 'Reinold', 'Bottjer', '2021-12-08', 'rbottjer1p@imageshack.us', 0, 0, 0);
insert into core_user (id, username, password, last_login, first_name, last_name, date_joined, email, is_staff, is_superuser, is_active) values (63, 'szimmer1q', 'D1nzYgy', '2022-03-10', 'Salome', 'Zimmer', '2022-03-15', 'szimmer1q@xrea.com', 0, 0, 0);
insert into core_user (id, username, password, last_login, first_name, last_name, date_joined, email, is_staff, is_superuser, is_active) values (64, 'cmangan1r', 'Ih4yRAi', '2022-10-09', 'Chas', 'Mangan', '2022-07-28', 'cmangan1r@fema.gov', 0, 0, 0);
insert into core_user (id, username, password, last_login, first_name, last_name, date_joined, email, is_staff, is_superuser, is_active) values (65, 'beckley1s', 'fEJ597qbjIZ', '2022-09-16', 'Broddie', 'Eckley', '2022-04-08', 'beckley1s@usa.gov', 0, 0, 0);
insert into core_user (id, username, password, last_login, first_name, last_name, date_joined, email, is_staff, is_superuser, is_active) values (66, 'bbilham1t', 'gikrPFlLxZz', '2022-02-18', 'Boony', 'Bilham', '2022-03-17', 'bbilham1t@lulu.com', 0, 0, 0);
insert into core_user (id, username, password, last_login, first_name, last_name, date_joined, email, is_staff, is_superuser, is_active) values (67, 'ckatz1u', 'L1VbaLH7KPI6', '2022-09-09', 'Coralie', 'Katz', '2022-07-23', 'ckatz1u@xrea.com', 0, 0, 0);
insert into core_user (id, username, password, last_login, first_name, last_name, date_joined, email, is_staff, is_superuser, is_active) values (68, 'hortelt1v', 'cu0LxRc9', '2021-12-13', 'Harri', 'Ortelt', '2022-04-24', 'hortelt1v@taobao.com', 0, 0, 0);
insert into core_user (id, username, password, last_login, first_name, last_name, date_joined, email, is_staff, is_superuser, is_active) values (69, 'iboosey1w', 'r0pIxhT8MCH', '2022-03-07', 'Isobel', 'Boosey', '2022-06-14', 'iboosey1w@mozilla.com', 0, 0, 0);
insert into core_user (id, username, password, last_login, first_name, last_name, date_joined, email, is_staff, is_superuser, is_active) values (70, 'kingamells1x', 'LMFNWYTJdo5', '2022-06-26', 'Kennith', 'Ingamells', '2022-06-06', 'kingamells1x@unesco.org', 0, 0, 0);
insert into core_user (id, username, password, last_login, first_name, last_name, date_joined, email, is_staff, is_superuser, is_active) values (71, 'cspencers1y', 'gyXU14', '2022-03-24', 'Cayla', 'Spencers', '2022-01-05', 'cspencers1y@sphinn.com', 0, 0, 0);
insert into core_user (id, username, password, last_login, first_name, last_name, date_joined, email, is_staff, is_superuser, is_active) values (72, 'okedge1z', 'Dzat6YeOg4', '2022-05-18', 'Omero', 'Kedge', '2022-07-09', 'okedge1z@alexa.com', 0, 0, 0);
insert into core_user (id, username, password, last_login, first_name, last_name, date_joined, email, is_staff, is_superuser, is_active) values (73, 'bscougal20', 'FBlEuk9', '2021-11-27', 'Brnaba', 'Scougal', '2022-03-11', 'bscougal20@amazon.de', 0, 0, 0);
insert into core_user (id, username, password, last_login, first_name, last_name, date_joined, email, is_staff, is_superuser, is_active) values (74, 'nrace21', 'AnXDstl1GZQA', '2022-02-04', 'Neille', 'Race', '2021-11-30', 'nrace21@so-net.ne.jp', 0, 0, 0);
insert into core_user (id, username, password, last_login, first_name, last_name, date_joined, email, is_staff, is_superuser, is_active) values (75, 'ameininger22', 'X1Oly6bW95sW', '2022-03-09', 'Adrianna', 'Meininger', '2022-09-14', 'ameininger22@sogou.com', 0, 0, 0);
insert into core_user (id, username, password, last_login, first_name, last_name, date_joined, email, is_staff, is_superuser, is_active) values (76, 'wbryson23', 'CLWBaKE', '2021-11-28', 'Wanids', 'Bryson', '2021-12-24', 'wbryson23@fema.gov', 0, 0, 0);
insert into core_user (id, username, password, last_login, first_name, last_name, date_joined, email, is_staff, is_superuser, is_active) values (77, 'ddederich24', '28ihtiheyKa', '2022-02-10', 'Dorisa', 'Dederich', '2022-04-26', 'ddederich24@hhs.gov', 0, 0, 0);
insert into core_user (id, username, password, last_login, first_name, last_name, date_joined, email, is_staff, is_superuser, is_active) values (78, 'slanston25', 'hHuf7Ti', '2022-06-20', 'Sergio', 'Lanston', '2022-01-27', 'slanston25@examiner.com', 0, 0, 0);
insert into core_user (id, username, password, last_login, first_name, last_name, date_joined, email, is_staff, is_superuser, is_active) values (79, 'ehallen26', 'Ca58vyMLL4u6', '2022-08-09', 'Evonne', 'Hallen', '2021-12-10', 'ehallen26@yahoo.com', 0, 0, 0);
insert into core_user (id, username, password, last_login, first_name, last_name, date_joined, email, is_staff, is_superuser, is_active) values (80, 'modempsey27', '4VMvPLSUJX', '2022-08-22', 'Morley', 'O''Dempsey', '2022-06-08', 'modempsey27@usnews.com', 0, 0, 0);
insert into core_user (id, username, password, last_login, first_name, last_name, date_joined, email, is_staff, is_superuser, is_active) values (81, 'rkohtler28', 'CifGrqxc7uKV', '2021-12-11', 'Rodina', 'Kohtler', '2022-07-11', 'rkohtler28@google.pl', 0, 0, 0);
insert into core_user (id, username, password, last_login, first_name, last_name, date_joined, email, is_staff, is_superuser, is_active) values (82, 'tspearman29', 'dz6TfKkvg', '2022-10-20', 'Torr', 'Spearman', '2021-12-25', 'tspearman29@jugem.jp', 0, 0, 0);
insert into core_user (id, username, password, last_login, first_name, last_name, date_joined, email, is_staff, is_superuser, is_active) values (83, 'mblacksell2a', 'DQP8MhO', '2022-10-18', 'Marjy', 'Blacksell', '2022-04-18', 'mblacksell2a@free.fr', 0, 0, 0);
insert into core_user (id, username, password, last_login, first_name, last_name, date_joined, email, is_staff, is_superuser, is_active) values (84, 'dmoulding2b', 'pBu3hNv', '2022-03-27', 'Derril', 'Moulding', '2022-01-17', 'dmoulding2b@apache.org', 0, 0, 0);
insert into core_user (id, username, password, last_login, first_name, last_name, date_joined, email, is_staff, is_superuser, is_active) values (85, 'pmiddleweek2c', 'xWuJdY9O5b', '2021-12-29', 'Paulie', 'Middleweek', '2022-05-08', 'pmiddleweek2c@theguardian.com', 0, 0, 0);
insert into core_user (id, username, password, last_login, first_name, last_name, date_joined, email, is_staff, is_superuser, is_active) values (86, 'mcauston2d', 'LinCXrmFoIE', '2022-06-06', 'Marcy', 'Causton', '2022-10-10', 'mcauston2d@latimes.com', 0, 0, 0);
insert into core_user (id, username, password, last_login, first_name, last_name, date_joined, email, is_staff, is_superuser, is_active) values (87, 'dmowles2e', 'zVZZGoo2', '2022-08-21', 'Dode', 'Mowles', '2022-09-25', 'dmowles2e@quantcast.com', 0, 0, 0);
insert into core_user (id, username, password, last_login, first_name, last_name, date_joined, email, is_staff, is_superuser, is_active) values (88, 'emitchelhill2f', 'c8dnfr40aIv', '2022-01-27', 'Estella', 'Mitchelhill', '2021-11-12', 'emitchelhill2f@goo.ne.jp', 0, 0, 0);
insert into core_user (id, username, password, last_login, first_name, last_name, date_joined, email, is_staff, is_superuser, is_active) values (89, 'caugustine2g', 'yAice8M', '2021-12-15', 'Carter', 'Augustine', '2022-05-09', 'caugustine2g@cisco.com', 0, 0, 0);
insert into core_user (id, username, password, last_login, first_name, last_name, date_joined, email, is_staff, is_superuser, is_active) values (90, 'jterran2h', 'jlUEpY', '2022-08-28', 'Jillie', 'Terran', '2022-01-24', 'jterran2h@eepurl.com', 0, 0, 0);
insert into core_user (id, username, password, last_login, first_name, last_name, date_joined, email, is_staff, is_superuser, is_active) values (91, 'rgolston2i', 'rxImsY8Dw2', '2022-01-29', 'Randell', 'Golston', '2022-07-31', 'rgolston2i@dion.ne.jp', 0, 0, 0);
insert into core_user (id, username, password, last_login, first_name, last_name, date_joined, email, is_staff, is_superuser, is_active) values (92, 'aorring2j', 'Djffuh', '2022-04-03', 'Anette', 'Orring', '2022-02-18', 'aorring2j@baidu.com', 0, 0, 0);
insert into core_user (id, username, password, last_login, first_name, last_name, date_joined, email, is_staff, is_superuser, is_active) values (93, 'cwoodroofe2k', 'A6RREOPfoSlf', '2021-12-20', 'Caterina', 'Woodroofe', '2022-03-05', 'cwoodroofe2k@liveinternet.ru', 0, 0, 0);
insert into core_user (id, username, password, last_login, first_name, last_name, date_joined, email, is_staff, is_superuser, is_active) values (94, 'zbussel2l', 'BSPPkg6U', '2021-11-30', 'Zora', 'Bussel', '2022-01-20', 'zbussel2l@xrea.com', 0, 0, 0);
insert into core_user (id, username, password, last_login, first_name, last_name, date_joined, email, is_staff, is_superuser, is_active) values (95, 'mcolborn2m', '6oh7wf0c', '2022-03-27', 'Myrtia', 'Colborn', '2022-01-25', 'mcolborn2m@nytimes.com', 0, 0, 0);
insert into core_user (id, username, password, last_login, first_name, last_name, date_joined, email, is_staff, is_superuser, is_active) values (96, 'aantill2n', 'kAPMAg8K', '2022-06-17', 'Aube', 'Antill', '2021-11-11', 'aantill2n@ask.com', 0, 0, 0);
insert into core_user (id, username, password, last_login, first_name, last_name, date_joined, email, is_staff, is_superuser, is_active) values (97, 'oshillito2o', '6K7UtQ4GR0QD', '2022-02-13', 'Odey', 'Shillito', '2022-04-08', 'oshillito2o@jalbum.net', 0, 0, 0);
insert into core_user (id, username, password, last_login, first_name, last_name, date_joined, email, is_staff, is_superuser, is_active) values (98, 'lchecchi2p', 'HsV4gBT61F', '2021-11-21', 'Lazaro', 'Checchi', '2022-04-25', 'lchecchi2p@fc2.com', 0, 0, 0);
insert into core_user (id, username, password, last_login, first_name, last_name, date_joined, email, is_staff, is_superuser, is_active) values (99, 'mhaddington2q', 'mubpRDz', '2021-12-15', 'Missy', 'Haddington', '2022-11-04', 'mhaddington2q@sitemeter.com', 0, 0, 0);
insert into core_user (id, username, password, last_login, first_name, last_name, date_joined, email, is_staff, is_superuser, is_active) values (100, 'rjephcott2r', 'zIg7YiTkI', '2022-06-02', 'Rocky', 'Jephcott', '2022-01-09', 'rjephcott2r@yahoo.co.jp', 0, 0, 0);
insert into core_user (id, username, password, last_login, first_name, last_name, date_joined, email, is_staff, is_superuser, is_active) values (101, 'rheare2s', 'U6W9DNT', '2021-11-22', 'Rennie', 'Heare', '2022-10-11', 'rheare2s@irs.gov', 0, 0, 0);
insert into core_user (id, username, password, last_login, first_name, last_name, date_joined, email, is_staff, is_superuser, is_active) values (102, 'idunford2t', '0TIHIvJsH', '2022-02-19', 'Ileana', 'Dunford', '2022-04-04', 'idunford2t@ucsd.edu', 0, 0, 0);
insert into core_user (id, username, password, last_login, first_name, last_name, date_joined, email, is_staff, is_superuser, is_active) values (103, 'ndennert2u', 'Dn9Kxs', '2022-07-25', 'Nefen', 'Dennert', '2021-11-24', 'ndennert2u@examiner.com', 0, 0, 0);
insert into core_user (id, username, password, last_login, first_name, last_name, date_joined, email, is_staff, is_superuser, is_active) values (104, 'pplaister2v', 'lxmGDbTKkEj1', '2022-06-24', 'Purcell', 'Plaister', '2022-06-10', 'pplaister2v@vinaora.com', 0, 0, 0);
insert into core_user (id, username, password, last_login, first_name, last_name, date_joined, email, is_staff, is_superuser, is_active) values (105, 'ltee2w', 'GKirvr16X2', '2022-02-04', 'Leopold', 'Tee', '2021-12-26', 'ltee2w@flavors.me', 0, 0, 0);
insert into core_user (id, username, password, last_login, first_name, last_name, date_joined, email, is_staff, is_superuser, is_active) values (106, 'tbotterell2x', 'fHdkfTv7d', '2022-09-17', 'Tiena', 'Botterell', '2022-08-27', 'tbotterell2x@netlog.com', 0, 0, 0);
insert into core_user (id, username, password, last_login, first_name, last_name, date_joined, email, is_staff, is_superuser, is_active) values (107, 'mgrierson2y', '4hYD1uvGCD', '2022-07-22', 'Marianna', 'Grierson', '2022-10-23', 'mgrierson2y@columbia.edu', 0, 0, 0);
insert into core_user (id, username, password, last_login, first_name, last_name, date_joined, email, is_staff, is_superuser, is_active) values (108, 'gmannix2z', 'AnJKEwn', '2022-01-30', 'Garik', 'Mannix', '2022-09-21', 'gmannix2z@usatoday.com', 0, 0, 0);
insert into core_user (id, username, password, last_login, first_name, last_name, date_joined, email, is_staff, is_superuser, is_active) values (109, 'ehighnam30', 'i8V4KvKVXZ', '2022-01-04', 'Eugenius', 'Highnam', '2022-05-10', 'ehighnam30@cornell.edu', 0, 0, 0);
insert into core_user (id, username, password, last_login, first_name, last_name, date_joined, email, is_staff, is_superuser, is_active) values (110, 'slightowlers31', 'm3Xgpe95h', '2022-08-11', 'Stanley', 'Lightowlers', '2022-01-27', 'slightowlers31@ycombinator.com', 0, 0, 0);
insert into core_user (id, username, password, last_login, first_name, last_name, date_joined, email, is_staff, is_superuser, is_active) values (111, 'cottley32', '3EBVqUqAQ', '2022-07-16', 'Calida', 'Ottley', '2022-06-01', 'cottley32@techcrunch.com', 0, 0, 0);
insert into core_user (id, username, password, last_login, first_name, last_name, date_joined, email, is_staff, is_superuser, is_active) values (112, 'lkerne33', '9ysotr', '2022-08-28', 'Lynnette', 'Kerne', '2021-12-17', 'lkerne33@miibeian.gov.cn', 0, 0, 0);
insert into core_user (id, username, password, last_login, first_name, last_name, date_joined, email, is_staff, is_superuser, is_active) values (113, 'bteasell34', 'NjB6sBDj', '2022-07-09', 'Brendon', 'Teasell', '2022-04-15', 'bteasell34@unesco.org', 0, 0, 0);
insert into core_user (id, username, password, last_login, first_name, last_name, date_joined, email, is_staff, is_superuser, is_active) values (114, 'sbalentyne35', '6hflKR4oo', '2021-11-19', 'Shellysheldon', 'Balentyne', '2022-07-10', 'sbalentyne35@dropbox.com', 0, 0, 0);
insert into core_user (id, username, password, last_login, first_name, last_name, date_joined, email, is_staff, is_superuser, is_active) values (115, 'cbrann36', '23ytvgzevCV', '2022-05-19', 'Cornie', 'Brann', '2022-10-20', 'cbrann36@mozilla.com', 0, 0, 0);
insert into core_user (id, username, password, last_login, first_name, last_name, date_joined, email, is_staff, is_superuser, is_active) values (116, 'bdilland37', 'kq83rrif4V4G', '2021-11-28', 'Blondie', 'Dilland', '2022-07-21', 'bdilland37@cdbaby.com', 0, 0, 0);
insert into core_user (id, username, password, last_login, first_name, last_name, date_joined, email, is_staff, is_superuser, is_active) values (117, 'gmaccrann38', 'mPCCFHLsk9rK', '2022-06-07', 'Gibby', 'MacCrann', '2022-07-05', 'gmaccrann38@theatlantic.com', 0, 0, 0);
insert into core_user (id, username, password, last_login, first_name, last_name, date_joined, email, is_staff, is_superuser, is_active) values (118, 'abillingsley39', 'TvO8EeM', '2022-02-21', 'Amata', 'Billingsley', '2021-12-15', 'abillingsley39@utexas.edu', 0, 0, 0);
insert into core_user (id, username, password, last_login, first_name, last_name, date_joined, email, is_staff, is_superuser, is_active) values (119, 'mway3a', 'BRczGi7l', '2022-05-14', 'Marcile', 'Way', '2022-07-26', 'mway3a@ycombinator.com', 0, 0, 0);
insert into core_user (id, username, password, last_login, first_name, last_name, date_joined, email, is_staff, is_superuser, is_active) values (120, 'skleisle3b', 'gelN328fC', '2022-04-19', 'Sabine', 'Kleisle', '2022-04-12', 'skleisle3b@dagondesign.com', 0, 0, 0);
insert into core_user (id, username, password, last_login, first_name, last_name, date_joined, email, is_staff, is_superuser, is_active) values (121, 'eduffit3c', 'BDfXCsqDzl', '2022-06-22', 'Elsworth', 'Duffit', '2022-07-13', 'eduffit3c@people.com.cn', 0, 0, 0);
insert into core_user (id, username, password, last_login, first_name, last_name, date_joined, email, is_staff, is_superuser, is_active) values (122, 'ochimenti3d', 'FCP9yItEOdRz', '2022-02-18', 'Olga', 'Chimenti', '2022-09-09', 'ochimenti3d@webs.com', 0, 0, 0);
insert into core_user (id, username, password, last_login, first_name, last_name, date_joined, email, is_staff, is_superuser, is_active) values (123, 'dleffek3e', 'ZfHbGx1cOqs', '2022-04-15', 'Dav', 'Leffek', '2022-07-16', 'dleffek3e@zdnet.com', 0, 0, 0);
insert into core_user (id, username, password, last_login, first_name, last_name, date_joined, email, is_staff, is_superuser, is_active) values (124, 'edearlepalser3f', 'ur23e5I', '2022-06-10', 'Ethelin', 'Dearle-Palser', '2021-11-30', 'edearlepalser3f@vinaora.com', 0, 0, 0);
insert into core_user (id, username, password, last_login, first_name, last_name, date_joined, email, is_staff, is_superuser, is_active) values (125, 'isimeoni3g', 'WVv95BKwbW', '2021-11-18', 'Inna', 'Simeoni', '2022-07-26', 'isimeoni3g@odnoklassniki.ru', 0, 0, 0);
insert into core_user (id, username, password, last_login, first_name, last_name, date_joined, email, is_staff, is_superuser, is_active) values (126, 'megle3h', '9nHRf3FDFqUP', '2022-03-05', 'Milton', 'Egle', '2021-12-14', 'megle3h@adobe.com', 0, 0, 0);
insert into core_user (id, username, password, last_login, first_name, last_name, date_joined, email, is_staff, is_superuser, is_active) values (127, 'echeccuzzi3i', '5vOq2itkrZ', '2022-09-23', 'Edwina', 'Checcuzzi', '2022-08-14', 'echeccuzzi3i@biblegateway.com', 0, 0, 0);
insert into core_user (id, username, password, last_login, first_name, last_name, date_joined, email, is_staff, is_superuser, is_active) values (128, 'dfiddler3j', 'ge0jSl4ssmb', '2022-07-08', 'Deane', 'Fiddler', '2021-11-21', 'dfiddler3j@acquirethisname.com', 0, 0, 0);
insert into core_user (id, username, password, last_login, first_name, last_name, date_joined, email, is_staff, is_superuser, is_active) values (129, 'tgeerling3k', 'DdzDv9GXuz7', '2022-01-25', 'Tracy', 'Geerling', '2022-03-15', 'tgeerling3k@goo.gl', 0, 0, 0);
insert into core_user (id, username, password, last_login, first_name, last_name, date_joined, email, is_staff, is_superuser, is_active) values (130, 'spinches3l', 'GVBuTICCLTJ', '2021-12-27', 'Sheppard', 'Pinches', '2022-01-17', 'spinches3l@qq.com', 0, 0, 0);
insert into core_user (id, username, password, last_login, first_name, last_name, date_joined, email, is_staff, is_superuser, is_active) values (131, 'abrion3m', 'iPF22j7', '2022-10-26', 'Aleksandr', 'Brion', '2022-05-16', 'abrion3m@weibo.com', 0, 0, 0);
insert into core_user (id, username, password, last_login, first_name, last_name, date_joined, email, is_staff, is_superuser, is_active) values (132, 'ealoshikin3n', 'vlFDa4fiB2zR', '2022-06-26', 'Emma', 'Aloshikin', '2022-01-29', 'ealoshikin3n@wsj.com', 0, 0, 0);
insert into core_user (id, username, password, last_login, first_name, last_name, date_joined, email, is_staff, is_superuser, is_active) values (133, 'ldallinder3o', 'IeNMWfPfO0zk', '2022-08-02', 'Lenna', 'Dallinder', '2022-05-10', 'ldallinder3o@harvard.edu', 0, 0, 0);
insert into core_user (id, username, password, last_login, first_name, last_name, date_joined, email, is_staff, is_superuser, is_active) values (134, 'jgandy3p', 'VLUE2Q5CBbM', '2021-12-02', 'Jacky', 'Gandy', '2022-01-13', 'jgandy3p@qq.com', 0, 0, 0);
insert into core_user (id, username, password, last_login, first_name, last_name, date_joined, email, is_staff, is_superuser, is_active) values (135, 'dorrow3q', '4AKmcuYqY', '2022-07-25', 'Dyann', 'Orrow', '2022-04-19', 'dorrow3q@virginia.edu', 0, 0, 0);
insert into core_user (id, username, password, last_login, first_name, last_name, date_joined, email, is_staff, is_superuser, is_active) values (136, 'gmccullouch3r', 'PG7k7u', '2021-12-22', 'Guillema', 'McCullouch', '2021-11-20', 'gmccullouch3r@salon.com', 0, 0, 0);
insert into core_user (id, username, password, last_login, first_name, last_name, date_joined, email, is_staff, is_superuser, is_active) values (137, 'ldicty3s', 'nG9lFk', '2022-04-07', 'Liam', 'Dicty', '2022-08-13', 'ldicty3s@shareasale.com', 0, 0, 0);
insert into core_user (id, username, password, last_login, first_name, last_name, date_joined, email, is_staff, is_superuser, is_active) values (138, 'eshrieve3t', 'kPKdyl', '2022-07-05', 'Eleonora', 'Shrieve', '2022-02-08', 'eshrieve3t@last.fm', 0, 0, 0);
insert into core_user (id, username, password, last_login, first_name, last_name, date_joined, email, is_staff, is_superuser, is_active) values (139, 'bcallaway3u', 'QXPWgm1hT79g', '2021-12-10', 'Brennen', 'Callaway', '2022-05-04', 'bcallaway3u@jimdo.com', 0, 0, 0);
insert into core_user (id, username, password, last_login, first_name, last_name, date_joined, email, is_staff, is_superuser, is_active) values (140, 'sbedwell3v', 'pL73yp', '2022-05-22', 'Selinda', 'Bedwell', '2022-08-14', 'sbedwell3v@cam.ac.uk', 0, 0, 0);
insert into core_user (id, username, password, last_login, first_name, last_name, date_joined, email, is_staff, is_superuser, is_active) values (141, 'efideler3w', '4lvKo0a1vEcp', '2022-09-20', 'Elsy', 'Fideler', '2022-09-11', 'efideler3w@tripod.com', 0, 0, 0);
insert into core_user (id, username, password, last_login, first_name, last_name, date_joined, email, is_staff, is_superuser, is_active) values (142, 'pdickey3x', '9j78wi', '2022-09-13', 'Park', 'Dickey', '2022-06-10', 'pdickey3x@elegantthemes.com', 0, 0, 0);
insert into core_user (id, username, password, last_login, first_name, last_name, date_joined, email, is_staff, is_superuser, is_active) values (143, 'ablumson3y', 'JNR3NDn', '2021-12-24', 'Antoinette', 'Blumson', '2022-01-28', 'ablumson3y@google.nl', 0, 0, 0);
insert into core_user (id, username, password, last_login, first_name, last_name, date_joined, email, is_staff, is_superuser, is_active) values (144, 'bmurrow3z', 'aFgnDVYbvEd', '2022-02-20', 'Brear', 'Murrow', '2022-04-15', 'bmurrow3z@naver.com', 0, 0, 0);
insert into core_user (id, username, password, last_login, first_name, last_name, date_joined, email, is_staff, is_superuser, is_active) values (145, 'sateggart40', '7WEJYoZw', '2022-03-02', 'Sauncho', 'Ateggart', '2022-01-02', 'sateggart40@amazon.com', 0, 0, 0);
insert into core_user (id, username, password, last_login, first_name, last_name, date_joined, email, is_staff, is_superuser, is_active) values (146, 'hnewing41', 'zAMMiqXdphtG', '2022-09-04', 'Hervey', 'Newing', '2022-02-24', 'hnewing41@about.me', 0, 0, 0);
insert into core_user (id, username, password, last_login, first_name, last_name, date_joined, email, is_staff, is_superuser, is_active) values (147, 'dbendtsen42', 'GsaOogNRMjr', '2022-01-16', 'Dael', 'Bendtsen', '2022-10-14', 'dbendtsen42@google.co.jp', 0, 0, 0);
insert into core_user (id, username, password, last_login, first_name, last_name, date_joined, email, is_staff, is_superuser, is_active) values (148, 'bdarwin43', 'FJHt7L8', '2022-04-22', 'Branden', 'Darwin', '2022-02-21', 'bdarwin43@sitemeter.com', 0, 0, 0);
insert into core_user (id, username, password, last_login, first_name, last_name, date_joined, email, is_staff, is_superuser, is_active) values (149, 'tkuhnhardt44', 'NPQk0taqur', '2022-03-16', 'Tabb', 'Kuhnhardt', '2022-09-27', 'tkuhnhardt44@blogtalkradio.com', 0, 0, 0);
insert into core_user (id, username, password, last_login, first_name, last_name, date_joined, email, is_staff, is_superuser, is_active) values (150, 'bclaybourn45', 'NSnGG0sX', '2021-11-13', 'Bonita', 'Claybourn', '2022-07-04', 'bclaybourn45@wufoo.com', 0, 0, 0);
insert into core_user (id, username, password, last_login, first_name, last_name, date_joined, email, is_staff, is_superuser, is_active) values (151, 'aberger46', 'Khaj2Gb', '2022-04-01', 'Aleta', 'Berger', '2021-12-11', 'aberger46@hud.gov', 0, 0, 0);
insert into core_user (id, username, password, last_login, first_name, last_name, date_joined, email, is_staff, is_superuser, is_active) values (152, 'emcterry47', '8W6O8kyB9BpN', '2022-08-20', 'Elsey', 'McTerry', '2022-04-25', 'emcterry47@newsvine.com', 0, 0, 0);
insert into core_user (id, username, password, last_login, first_name, last_name, date_joined, email, is_staff, is_superuser, is_active) values (153, 'gthoms48', 'bkP0MOX8x', '2022-05-04', 'Glennie', 'Thoms', '2022-03-16', 'gthoms48@economist.com', 0, 0, 0);
insert into core_user (id, username, password, last_login, first_name, last_name, date_joined, email, is_staff, is_superuser, is_active) values (154, 'mhouselee49', 'dlVZur85hWS', '2022-03-08', 'Marmaduke', 'Houselee', '2021-12-25', 'mhouselee49@miibeian.gov.cn', 0, 0, 0);
insert into core_user (id, username, password, last_login, first_name, last_name, date_joined, email, is_staff, is_superuser, is_active) values (155, 'pbeardow4a', 'NnwqJvFiQ', '2022-10-17', 'Phip', 'Beardow', '2022-07-07', 'pbeardow4a@amazon.com', 0, 0, 0);
insert into core_user (id, username, password, last_login, first_name, last_name, date_joined, email, is_staff, is_superuser, is_active) values (156, 'lfields4b', 'aDTWOq', '2021-11-21', 'Luelle', 'Fields', '2021-11-21', 'lfields4b@huffingtonpost.com', 0, 0, 0);
insert into core_user (id, username, password, last_login, first_name, last_name, date_joined, email, is_staff, is_superuser, is_active) values (157, 'clynds4c', 'PiTthg1t', '2022-08-23', 'Cecilius', 'Lynds', '2021-12-10', 'clynds4c@shutterfly.com', 0, 0, 0);
insert into core_user (id, username, password, last_login, first_name, last_name, date_joined, email, is_staff, is_superuser, is_active) values (158, 'jjehaes4d', 'AzqK8S', '2022-01-21', 'Jessika', 'Jehaes', '2022-04-23', 'jjehaes4d@nationalgeographic.com', 0, 0, 0);
insert into core_user (id, username, password, last_login, first_name, last_name, date_joined, email, is_staff, is_superuser, is_active) values (159, 'gdemangeot4e', 'M1Fm4E4', '2022-01-22', 'Gill', 'Demangeot', '2021-12-25', 'gdemangeot4e@t.co', 0, 0, 0);
insert into core_user (id, username, password, last_login, first_name, last_name, date_joined, email, is_staff, is_superuser, is_active) values (160, 'blawranson4f', 'KBOHkD', '2021-11-23', 'Becka', 'Lawranson', '2022-04-13', 'blawranson4f@psu.edu', 0, 0, 0);
insert into core_user (id, username, password, last_login, first_name, last_name, date_joined, email, is_staff, is_superuser, is_active) values (161, 'rcorfield4g', 'RE5TpwEbHEXX', '2022-02-07', 'Roseanne', 'Corfield', '2021-12-03', 'rcorfield4g@usda.gov', 0, 0, 0);
insert into core_user (id, username, password, last_login, first_name, last_name, date_joined, email, is_staff, is_superuser, is_active) values (162, 'esheards4h', 'oFBiIlLZEDo', '2022-01-12', 'Ethelbert', 'Sheards', '2022-09-13', 'esheards4h@sfgate.com', 0, 0, 0);
insert into core_user (id, username, password, last_login, first_name, last_name, date_joined, email, is_staff, is_superuser, is_active) values (163, 'egeake4i', 'ZOoDTp46k1C', '2022-07-18', 'Ebonee', 'Geake', '2022-03-22', 'egeake4i@howstuffworks.com', 0, 0, 0);
insert into core_user (id, username, password, last_login, first_name, last_name, date_joined, email, is_staff, is_superuser, is_active) values (164, 'bjedrysik4j', '4uiw9AQJG', '2022-05-17', 'Berton', 'Jedrysik', '2021-11-18', 'bjedrysik4j@odnoklassniki.ru', 0, 0, 0);
insert into core_user (id, username, password, last_login, first_name, last_name, date_joined, email, is_staff, is_superuser, is_active) values (165, 'gsilwood4k', '9poUC5ZNL', '2022-11-06', 'Grayce', 'Silwood', '2021-11-24', 'gsilwood4k@cbslocal.com', 0, 0, 0);
insert into core_user (id, username, password, last_login, first_name, last_name, date_joined, email, is_staff, is_superuser, is_active) values (166, 'akermath4l', 'vpELj2Bcwi', '2022-05-16', 'Aguste', 'Kermath', '2022-05-16', 'akermath4l@flavors.me', 0, 0, 0);
insert into core_user (id, username, password, last_login, first_name, last_name, date_joined, email, is_staff, is_superuser, is_active) values (167, 'opaxton4m', '7tnKICxN1AN9', '2022-01-15', 'Obidiah', 'Paxton', '2022-11-02', 'opaxton4m@chicagotribune.com', 0, 0, 0);
insert into core_user (id, username, password, last_login, first_name, last_name, date_joined, email, is_staff, is_superuser, is_active) values (168, 'lcarnilian4n', 'iAv6UM8DIT', '2022-07-01', 'Lennie', 'Carnilian', '2022-07-06', 'lcarnilian4n@walmart.com', 0, 0, 0);
insert into core_user (id, username, password, last_login, first_name, last_name, date_joined, email, is_staff, is_superuser, is_active) values (169, 'mmcinnery4o', 'D33iUT', '2022-07-22', 'Mara', 'McInnery', '2022-09-24', 'mmcinnery4o@vimeo.com', 0, 0, 0);
insert into core_user (id, username, password, last_login, first_name, last_name, date_joined, email, is_staff, is_superuser, is_active) values (170, 'apiet4p', 'NHMCMrqi3', '2022-06-20', 'Andromache', 'Piet', '2022-02-11', 'apiet4p@ameblo.jp', 0, 0, 0);
insert into core_user (id, username, password, last_login, first_name, last_name, date_joined, email, is_staff, is_superuser, is_active) values (171, 'jhaldane4q', 'd8Y7vmZ', '2022-09-23', 'Jannelle', 'Haldane', '2022-10-09', 'jhaldane4q@hostgator.com', 0, 0, 0);
insert into core_user (id, username, password, last_login, first_name, last_name, date_joined, email, is_staff, is_superuser, is_active) values (172, 'phayers4r', 'arKNr8O', '2022-05-26', 'Pooh', 'Hayers', '2022-04-27', 'phayers4r@taobao.com', 0, 0, 0);
insert into core_user (id, username, password, last_login, first_name, last_name, date_joined, email, is_staff, is_superuser, is_active) values (173, 'dgrinyer4s', 'fEOzhJj', '2021-12-29', 'Darn', 'Grinyer', '2021-12-25', 'dgrinyer4s@dot.gov', 0, 0, 0);
insert into core_user (id, username, password, last_login, first_name, last_name, date_joined, email, is_staff, is_superuser, is_active) values (174, 'bdellar4t', 'AvwDyXg3t0tb', '2021-12-15', 'Barrie', 'Dellar', '2022-07-20', 'bdellar4t@webnode.com', 0, 0, 0);
insert into core_user (id, username, password, last_login, first_name, last_name, date_joined, email, is_staff, is_superuser, is_active) values (175, 'gliccardo4u', 'gwZTdOt', '2022-02-12', 'Guinna', 'Liccardo', '2021-12-18', 'gliccardo4u@princeton.edu', 0, 0, 0);
insert into core_user (id, username, password, last_login, first_name, last_name, date_joined, email, is_staff, is_superuser, is_active) values (176, 'erebert4v', '94VzFCK', '2022-05-08', 'Ellswerth', 'Rebert', '2021-12-17', 'erebert4v@ezinearticles.com', 0, 0, 0);
insert into core_user (id, username, password, last_login, first_name, last_name, date_joined, email, is_staff, is_superuser, is_active) values (177, 'rglassopp4w', 'nYHRE1uCw3', '2021-12-10', 'Robinet', 'Glassopp', '2021-12-10', 'rglassopp4w@smh.com.au', 0, 0, 0);
insert into core_user (id, username, password, last_login, first_name, last_name, date_joined, email, is_staff, is_superuser, is_active) values (178, 'dmuselli4x', 'HcAwHQAC', '2022-09-08', 'Danielle', 'Muselli', '2022-08-15', 'dmuselli4x@buzzfeed.com', 0, 0, 0);
insert into core_user (id, username, password, last_login, first_name, last_name, date_joined, email, is_staff, is_superuser, is_active) values (179, 'vmcelvogue4y', 'smRBvDGcrHae', '2022-03-08', 'Velma', 'McElvogue', '2021-11-15', 'vmcelvogue4y@pcworld.com', 0, 0, 0);
insert into core_user (id, username, password, last_login, first_name, last_name, date_joined, email, is_staff, is_superuser, is_active) values (180, 'wockwell4z', 'oRS3Qvzi9Q', '2022-04-17', 'Wrennie', 'Ockwell', '2022-04-02', 'wockwell4z@php.net', 0, 0, 0);
insert into core_user (id, username, password, last_login, first_name, last_name, date_joined, email, is_staff, is_superuser, is_active) values (181, 'cgrigoriscu50', 'M1PQ1LoA', '2022-10-17', 'Corly', 'Grigoriscu', '2022-05-30', 'cgrigoriscu50@ycombinator.com', 0, 0, 0);
insert into core_user (id, username, password, last_login, first_name, last_name, date_joined, email, is_staff, is_superuser, is_active) values (182, 'pcast51', 'hs2YeV', '2022-06-24', 'Prentice', 'Cast', '2022-03-25', 'pcast51@craigslist.org', 0, 0, 0);
insert into core_user (id, username, password, last_login, first_name, last_name, date_joined, email, is_staff, is_superuser, is_active) values (183, 'cguiu52', 'sZpii0', '2022-08-04', 'Carey', 'Guiu', '2021-11-23', 'cguiu52@phpbb.com', 0, 0, 0);
insert into core_user (id, username, password, last_login, first_name, last_name, date_joined, email, is_staff, is_superuser, is_active) values (184, 'cshewan53', 'ykMUwc', '2022-10-27', 'Corrine', 'Shewan', '2022-01-03', 'cshewan53@ning.com', 0, 0, 0);
insert into core_user (id, username, password, last_login, first_name, last_name, date_joined, email, is_staff, is_superuser, is_active) values (185, 'rriccardelli54', 'YHcTQp', '2022-08-25', 'Rafe', 'Riccardelli', '2022-05-15', 'rriccardelli54@businessweek.com', 0, 0, 0);
insert into core_user (id, username, password, last_login, first_name, last_name, date_joined, email, is_staff, is_superuser, is_active) values (186, 'fgasken55', 'wsveHQkIuYN', '2021-12-13', 'Florentia', 'Gasken', '2022-10-12', 'fgasken55@omniture.com', 0, 0, 0);
insert into core_user (id, username, password, last_login, first_name, last_name, date_joined, email, is_staff, is_superuser, is_active) values (187, 'bvanichkin56', 'KPbRO6B', '2022-06-17', 'Brunhilde', 'Vanichkin', '2022-01-29', 'bvanichkin56@lulu.com', 0, 0, 0);
insert into core_user (id, username, password, last_login, first_name, last_name, date_joined, email, is_staff, is_superuser, is_active) values (188, 'ebenettelli57', 'wYhVdT', '2022-05-30', 'Elberta', 'Benettelli', '2021-12-09', 'ebenettelli57@github.io', 0, 0, 0);
insert into core_user (id, username, password, last_login, first_name, last_name, date_joined, email, is_staff, is_superuser, is_active) values (189, 'abonaire58', 'a51tNeNcnQDo', '2022-04-02', 'Alphonse', 'Bonaire', '2022-10-03', 'abonaire58@prlog.org', 0, 0, 0);
insert into core_user (id, username, password, last_login, first_name, last_name, date_joined, email, is_staff, is_superuser, is_active) values (190, 'sdaftor59', 'bnJxDN', '2021-11-19', 'Stevena', 'Daftor', '2022-10-27', 'sdaftor59@microsoft.com', 0, 0, 0);
insert into core_user (id, username, password, last_login, first_name, last_name, date_joined, email, is_staff, is_superuser, is_active) values (191, 'danelay5a', 'HhmbWT5gn7gL', '2022-10-01', 'Delbert', 'Anelay', '2022-05-01', 'danelay5a@mozilla.org', 0, 0, 0);
insert into core_user (id, username, password, last_login, first_name, last_name, date_joined, email, is_staff, is_superuser, is_active) values (192, 'rquaife5b', '93eAtpRq', '2021-11-19', 'Renaud', 'Quaife', '2022-04-15', 'rquaife5b@hp.com', 0, 0, 0);
insert into core_user (id, username, password, last_login, first_name, last_name, date_joined, email, is_staff, is_superuser, is_active) values (193, 'pbenham5c', 'l5LHWOO', '2022-07-29', 'Parker', 'Benham', '2022-04-14', 'pbenham5c@posterous.com', 0, 0, 0);
insert into core_user (id, username, password, last_login, first_name, last_name, date_joined, email, is_staff, is_superuser, is_active) values (194, 'rgauson5d', 'Wo6rHvgGj', '2022-03-26', 'Royce', 'Gauson', '2022-01-09', 'rgauson5d@marketwatch.com', 0, 0, 0);
insert into core_user (id, username, password, last_login, first_name, last_name, date_joined, email, is_staff, is_superuser, is_active) values (195, 'bjonathon5e', 'uEaeFXMVwrt7', '2022-11-05', 'Bearnard', 'Jonathon', '2022-10-12', 'bjonathon5e@meetup.com', 0, 0, 0);
insert into core_user (id, username, password, last_login, first_name, last_name, date_joined, email, is_staff, is_superuser, is_active) values (196, 'tlangsbury5f', 'Nqei3tOP', '2022-09-11', 'Thorndike', 'Langsbury', '2022-05-19', 'tlangsbury5f@adobe.com', 0, 0, 0);
insert into core_user (id, username, password, last_login, first_name, last_name, date_joined, email, is_staff, is_superuser, is_active) values (197, 'hmorot5g', '98cwzQW476M', '2021-11-12', 'Haven', 'Morot', '2021-11-21', 'hmorot5g@japanpost.jp', 0, 0, 0);
insert into core_user (id, username, password, last_login, first_name, last_name, date_joined, email, is_staff, is_superuser, is_active) values (198, 'pdignall5h', 'O0fcY9', '2022-01-18', 'Pepita', 'Dignall', '2022-07-11', 'pdignall5h@altervista.org', 0, 0, 0);
insert into core_user (id, username, password, last_login, first_name, last_name, date_joined, email, is_staff, is_superuser, is_active) values (199, 'fogbourne5i', 'D0gfnz', '2022-07-08', 'Freda', 'Ogbourne', '2022-01-06', 'fogbourne5i@purevolume.com', 0, 0, 0);
insert into core_user (id, username, password, last_login, first_name, last_name, date_joined, email, is_staff, is_superuser, is_active) values (200, 'acollard5j', 'WtcnaUSO', '2022-07-13', 'Ailey', 'Collard', '2022-08-09', 'acollard5j@sourceforge.net', 0, 0, 0);


-- Customer
insert into store_customer (id, phone, birth_date, membership, user_id) values (1, '4554364073', '2022-04-04', 'G', 1);
insert into store_customer (id, phone, birth_date, membership, user_id) values (2, '6409821730', '2022-05-11', 'S', 2);
insert into store_customer (id, phone, birth_date, membership, user_id) values (3, '8227628864', '2022-03-22', 'S', 3);
insert into store_customer (id, phone, birth_date, membership, user_id) values (4, '4956779304', '2022-03-18', 'G', 4);
insert into store_customer (id, phone, birth_date, membership, user_id) values (5, '5138978308', '2022-02-04', 'G', 5);
insert into store_customer (id, phone, birth_date, membership, user_id) values (6, '3832228809', '2022-03-12', 'B', 6);
insert into store_customer (id, phone, birth_date, membership, user_id) values (7, '4387058704', '2022-07-21', 'G', 7);
insert into store_customer (id, phone, birth_date, membership, user_id) values (8, '7154562340', '2022-03-26', 'B', 8);
insert into store_customer (id, phone, birth_date, membership, user_id) values (9, '1212057374', '2022-06-13', 'G', 9);
insert into store_customer (id, phone, birth_date, membership, user_id) values (10, '1895102119', '2022-11-05', 'B', 10);
insert into store_customer (id, phone, birth_date, membership, user_id) values (11, '8564284605', '2022-02-06', 'B', 11);
insert into store_customer (id, phone, birth_date, membership, user_id) values (12, '5396868281', '2021-12-28', 'S', 12);
insert into store_customer (id, phone, birth_date, membership, user_id) values (13, '3853462760', '2022-10-04', 'G', 13);
insert into store_customer (id, phone, birth_date, membership, user_id) values (14, '2637298411', '2022-06-25', 'B', 14);
insert into store_customer (id, phone, birth_date, membership, user_id) values (15, '3089109067', '2022-04-08', 'B', 15);
insert into store_customer (id, phone, birth_date, membership, user_id) values (16, '3509097764', '2022-10-28', 'S', 16);
insert into store_customer (id, phone, birth_date, membership, user_id) values (17, '1589321939', '2021-11-14', 'S', 17);
insert into store_customer (id, phone, birth_date, membership, user_id) values (18, '5624930720', '2022-06-15', 'G', 18);
insert into store_customer (id, phone, birth_date, membership, user_id) values (19, '5427944405', '2022-08-06', 'B', 19);
insert into store_customer (id, phone, birth_date, membership, user_id) values (20, '1948851738', '2022-05-29', 'B', 20);
insert into store_customer (id, phone, birth_date, membership, user_id) values (21, '5791089887', '2022-08-08', 'S', 21);
insert into store_customer (id, phone, birth_date, membership, user_id) values (22, '7396034069', '2022-10-31', 'G', 22);
insert into store_customer (id, phone, birth_date, membership, user_id) values (23, '1857347117', '2022-06-15', 'G', 23);
insert into store_customer (id, phone, birth_date, membership, user_id) values (24, '4277664451', '2022-08-20', 'S', 24);
insert into store_customer (id, phone, birth_date, membership, user_id) values (25, '5455392937', '2022-05-06', 'B', 25);
insert into store_customer (id, phone, birth_date, membership, user_id) values (26, '4271630488', '2022-04-02', 'S', 26);
insert into store_customer (id, phone, birth_date, membership, user_id) values (27, '2544312239', '2022-11-01', 'G', 27);
insert into store_customer (id, phone, birth_date, membership, user_id) values (28, '8516112321', '2022-06-20', 'G', 28);
insert into store_customer (id, phone, birth_date, membership, user_id) values (29, '9364695445', '2021-12-04', 'B', 29);
insert into store_customer (id, phone, birth_date, membership, user_id) values (30, '1419969551', '2021-12-08', 'B', 30);
insert into store_customer (id, phone, birth_date, membership, user_id) values (31, '1111897959', '2022-08-22', 'G', 31);
insert into store_customer (id, phone, birth_date, membership, user_id) values (32, '4473754649', '2022-05-15', 'S', 32);
insert into store_customer (id, phone, birth_date, membership, user_id) values (33, '6584391479', '2021-11-30', 'G', 33);
insert into store_customer (id, phone, birth_date, membership, user_id) values (34, '1766219878', '2022-01-10', 'S', 34);
insert into store_customer (id, phone, birth_date, membership, user_id) values (35, '3201511437', '2022-10-21', 'S', 35);
insert into store_customer (id, phone, birth_date, membership, user_id) values (36, '9101921912', '2022-09-02', 'G', 36);
insert into store_customer (id, phone, birth_date, membership, user_id) values (37, '9337607293', '2022-06-01', 'G', 37);
insert into store_customer (id, phone, birth_date, membership, user_id) values (38, '4517387896', '2022-01-02', 'B', 38);
insert into store_customer (id, phone, birth_date, membership, user_id) values (39, '3674523139', '2022-09-08', 'S', 39);
insert into store_customer (id, phone, birth_date, membership, user_id) values (40, '8457967124', '2022-08-06', 'G', 40);
insert into store_customer (id, phone, birth_date, membership, user_id) values (41, '7608302426', '2022-04-14', 'G', 41);
insert into store_customer (id, phone, birth_date, membership, user_id) values (42, '9109007019', '2022-01-13', 'S', 42);
insert into store_customer (id, phone, birth_date, membership, user_id) values (43, '4576703345', '2022-01-03', 'S', 43);
insert into store_customer (id, phone, birth_date, membership, user_id) values (44, '7436062279', '2022-01-18', 'S', 44);
insert into store_customer (id, phone, birth_date, membership, user_id) values (45, '6291225026', '2022-02-23', 'B', 45);
insert into store_customer (id, phone, birth_date, membership, user_id) values (46, '2979111383', '2022-08-15', 'B', 46);
insert into store_customer (id, phone, birth_date, membership, user_id) values (47, '5399734748', '2022-06-03', 'G', 47);
insert into store_customer (id, phone, birth_date, membership, user_id) values (48, '9863351728', '2022-08-05', 'G', 48);
insert into store_customer (id, phone, birth_date, membership, user_id) values (49, '3476824586', '2022-09-13', 'B', 49);
insert into store_customer (id, phone, birth_date, membership, user_id) values (50, '2648268756', '2022-06-19', 'B', 50);
insert into store_customer (id, phone, birth_date, membership, user_id) values (51, '9219265028', '2022-07-28', 'B', 51);
insert into store_customer (id, phone, birth_date, membership, user_id) values (52, '9962329048', '2022-03-09', 'G', 52);
insert into store_customer (id, phone, birth_date, membership, user_id) values (53, '9456790437', '2022-03-24', 'G', 53);
insert into store_customer (id, phone, birth_date, membership, user_id) values (54, '1549800646', '2022-10-31', 'S', 54);
insert into store_customer (id, phone, birth_date, membership, user_id) values (55, '7565735673', '2021-11-25', 'G', 55);
insert into store_customer (id, phone, birth_date, membership, user_id) values (56, '5596220406', '2022-07-11', 'S', 56);
insert into store_customer (id, phone, birth_date, membership, user_id) values (57, '6383578636', '2022-10-22', 'G', 57);
insert into store_customer (id, phone, birth_date, membership, user_id) values (58, '3646098726', '2022-09-11', 'S', 58);
insert into store_customer (id, phone, birth_date, membership, user_id) values (59, '8619098275', '2022-05-05', 'S', 59);
insert into store_customer (id, phone, birth_date, membership, user_id) values (60, '2608648725', '2022-08-24', 'B', 60);
insert into store_customer (id, phone, birth_date, membership, user_id) values (61, '8946090852', '2022-04-26', 'G', 61);
insert into store_customer (id, phone, birth_date, membership, user_id) values (62, '2467476793', '2022-04-01', 'S', 62);
insert into store_customer (id, phone, birth_date, membership, user_id) values (63, '6736017636', '2022-10-02', 'S', 63);
insert into store_customer (id, phone, birth_date, membership, user_id) values (64, '7191731719', '2022-08-18', 'G', 64);
insert into store_customer (id, phone, birth_date, membership, user_id) values (65, '5207325438', '2022-06-27', 'S', 65);
insert into store_customer (id, phone, birth_date, membership, user_id) values (66, '9093005742', '2022-02-28', 'G', 66);
insert into store_customer (id, phone, birth_date, membership, user_id) values (67, '6474110096', '2022-07-10', 'S', 67);
insert into store_customer (id, phone, birth_date, membership, user_id) values (68, '5221754121', '2022-01-12', 'G', 68);
insert into store_customer (id, phone, birth_date, membership, user_id) values (69, '4187757838', '2022-08-09', 'B', 69);
insert into store_customer (id, phone, birth_date, membership, user_id) values (70, '3971323007', '2022-06-16', 'G', 70);
insert into store_customer (id, phone, birth_date, membership, user_id) values (71, '2831794615', '2022-08-31', 'G', 71);
insert into store_customer (id, phone, birth_date, membership, user_id) values (72, '1937197355', '2022-10-06', 'G', 72);
insert into store_customer (id, phone, birth_date, membership, user_id) values (73, '3204109085', '2021-11-25', 'G', 73);
insert into store_customer (id, phone, birth_date, membership, user_id) values (74, '3812942285', '2022-06-29', 'S', 74);
insert into store_customer (id, phone, birth_date, membership, user_id) values (75, '7215486171', '2022-10-01', 'B', 75);
insert into store_customer (id, phone, birth_date, membership, user_id) values (76, '5924654033', '2022-06-29', 'S', 76);
insert into store_customer (id, phone, birth_date, membership, user_id) values (77, '3434272821', '2022-03-18', 'B', 77);
insert into store_customer (id, phone, birth_date, membership, user_id) values (78, '1929597090', '2022-02-20', 'B', 78);
insert into store_customer (id, phone, birth_date, membership, user_id) values (79, '4815101120', '2021-12-10', 'S', 79);
insert into store_customer (id, phone, birth_date, membership, user_id) values (80, '5464798320', '2022-09-01', 'B', 80);
insert into store_customer (id, phone, birth_date, membership, user_id) values (81, '2798186970', '2022-05-21', 'S', 81);
insert into store_customer (id, phone, birth_date, membership, user_id) values (82, '2612565084', '2022-04-04', 'G', 82);
insert into store_customer (id, phone, birth_date, membership, user_id) values (83, '4817777161', '2022-08-02', 'S', 83);
insert into store_customer (id, phone, birth_date, membership, user_id) values (84, '2038128192', '2022-05-26', 'S', 84);
insert into store_customer (id, phone, birth_date, membership, user_id) values (85, '8789733843', '2022-04-01', 'G', 85);
insert into store_customer (id, phone, birth_date, membership, user_id) values (86, '9476727528', '2022-05-29', 'S', 86);
insert into store_customer (id, phone, birth_date, membership, user_id) values (87, '7511433924', '2022-04-11', 'G', 87);
insert into store_customer (id, phone, birth_date, membership, user_id) values (88, '7133540258', '2022-04-10', 'B', 88);
insert into store_customer (id, phone, birth_date, membership, user_id) values (89, '3557514106', '2022-02-18', 'G', 89);
insert into store_customer (id, phone, birth_date, membership, user_id) values (90, '7519383064', '2022-04-07', 'B', 90);
insert into store_customer (id, phone, birth_date, membership, user_id) values (91, '8931030492', '2022-07-18', 'S', 91);
insert into store_customer (id, phone, birth_date, membership, user_id) values (92, '2105052760', '2022-02-02', 'S', 92);
insert into store_customer (id, phone, birth_date, membership, user_id) values (93, '7091593504', '2022-03-06', 'G', 93);
insert into store_customer (id, phone, birth_date, membership, user_id) values (94, '4842654152', '2022-08-28', 'G', 94);
insert into store_customer (id, phone, birth_date, membership, user_id) values (95, '3707902972', '2022-02-24', 'G', 95);
insert into store_customer (id, phone, birth_date, membership, user_id) values (96, '2187522763', '2021-11-17', 'G', 96);
insert into store_customer (id, phone, birth_date, membership, user_id) values (97, '4934839890', '2022-10-01', 'B', 97);
insert into store_customer (id, phone, birth_date, membership, user_id) values (98, '1516262415', '2022-03-23', 'B', 98);
insert into store_customer (id, phone, birth_date, membership, user_id) values (99, '5465922372', '2022-06-19', 'B', 99);
insert into store_customer (id, phone, birth_date, membership, user_id) values (100, '7395939644', '2021-12-23', 'S', 100);
insert into store_customer (id, phone, birth_date, membership, user_id) values (101, '7042011991', '2022-05-01', 'G', 101);
insert into store_customer (id, phone, birth_date, membership, user_id) values (102, '2037003374', '2022-03-19', 'G', 102);
insert into store_customer (id, phone, birth_date, membership, user_id) values (103, '3486692791', '2022-10-21', 'G', 103);
insert into store_customer (id, phone, birth_date, membership, user_id) values (104, '2357411956', '2021-11-20', 'G', 104);
insert into store_customer (id, phone, birth_date, membership, user_id) values (105, '9887055108', '2021-12-24', 'S', 105);
insert into store_customer (id, phone, birth_date, membership, user_id) values (106, '5099037959', '2022-05-27', 'B', 106);
insert into store_customer (id, phone, birth_date, membership, user_id) values (107, '4234962938', '2021-12-19', 'B', 107);
insert into store_customer (id, phone, birth_date, membership, user_id) values (108, '7472749057', '2021-11-16', 'B', 108);
insert into store_customer (id, phone, birth_date, membership, user_id) values (109, '9178817334', '2022-01-21', 'G', 109);
insert into store_customer (id, phone, birth_date, membership, user_id) values (110, '2214225238', '2022-06-16', 'G', 110);
insert into store_customer (id, phone, birth_date, membership, user_id) values (111, '6415303815', '2022-05-03', 'G', 111);
insert into store_customer (id, phone, birth_date, membership, user_id) values (112, '4207487013', '2022-05-03', 'G', 112);
insert into store_customer (id, phone, birth_date, membership, user_id) values (113, '7894117711', '2022-06-20', 'G', 113);
insert into store_customer (id, phone, birth_date, membership, user_id) values (114, '5868453508', '2022-06-10', 'G', 114);
insert into store_customer (id, phone, birth_date, membership, user_id) values (115, '8806709510', '2022-11-04', 'B', 115);
insert into store_customer (id, phone, birth_date, membership, user_id) values (116, '5117444431', '2021-12-20', 'G', 116);
insert into store_customer (id, phone, birth_date, membership, user_id) values (117, '2816717962', '2021-11-14', 'S', 117);
insert into store_customer (id, phone, birth_date, membership, user_id) values (118, '8739362369', '2022-02-17', 'S', 118);
insert into store_customer (id, phone, birth_date, membership, user_id) values (119, '8701707291', '2022-01-04', 'G', 119);
insert into store_customer (id, phone, birth_date, membership, user_id) values (120, '1668769765', '2022-01-30', 'S', 120);
insert into store_customer (id, phone, birth_date, membership, user_id) values (121, '3907458329', '2022-10-31', 'S', 121);
insert into store_customer (id, phone, birth_date, membership, user_id) values (122, '8979683027', '2022-06-01', 'B', 122);
insert into store_customer (id, phone, birth_date, membership, user_id) values (123, '1418988003', '2021-11-20', 'S', 123);
insert into store_customer (id, phone, birth_date, membership, user_id) values (124, '4619703543', '2022-01-31', 'S', 124);
insert into store_customer (id, phone, birth_date, membership, user_id) values (125, '6412686287', '2022-02-12', 'G', 125);
insert into store_customer (id, phone, birth_date, membership, user_id) values (126, '4937672732', '2022-03-23', 'S', 126);
insert into store_customer (id, phone, birth_date, membership, user_id) values (127, '8158109768', '2021-12-20', 'S', 127);
insert into store_customer (id, phone, birth_date, membership, user_id) values (128, '3636480220', '2022-11-04', 'B', 128);
insert into store_customer (id, phone, birth_date, membership, user_id) values (129, '7193962279', '2022-06-20', 'G', 129);
insert into store_customer (id, phone, birth_date, membership, user_id) values (130, '6474585121', '2021-11-23', 'S', 130);
insert into store_customer (id, phone, birth_date, membership, user_id) values (131, '6986469020', '2022-01-01', 'G', 131);
insert into store_customer (id, phone, birth_date, membership, user_id) values (132, '5415565911', '2022-06-17', 'G', 132);
insert into store_customer (id, phone, birth_date, membership, user_id) values (133, '2515188210', '2022-03-02', 'B', 133);
insert into store_customer (id, phone, birth_date, membership, user_id) values (134, '8274970000', '2022-01-30', 'G', 134);
insert into store_customer (id, phone, birth_date, membership, user_id) values (135, '1413950794', '2022-06-06', 'G', 135);
insert into store_customer (id, phone, birth_date, membership, user_id) values (136, '1425641673', '2022-08-04', 'B', 136);
insert into store_customer (id, phone, birth_date, membership, user_id) values (137, '8618388140', '2022-04-21', 'B', 137);
insert into store_customer (id, phone, birth_date, membership, user_id) values (138, '4825088713', '2021-11-12', 'B', 138);
insert into store_customer (id, phone, birth_date, membership, user_id) values (139, '5726157378', '2021-11-16', 'S', 139);
insert into store_customer (id, phone, birth_date, membership, user_id) values (140, '8523449349', '2022-06-26', 'G', 140);
insert into store_customer (id, phone, birth_date, membership, user_id) values (141, '3603199563', '2021-11-24', 'S', 141);
insert into store_customer (id, phone, birth_date, membership, user_id) values (142, '7838733208', '2022-01-04', 'S', 142);
insert into store_customer (id, phone, birth_date, membership, user_id) values (143, '6388954588', '2022-06-27', 'B', 143);
insert into store_customer (id, phone, birth_date, membership, user_id) values (144, '5782446433', '2022-01-28', 'G', 144);
insert into store_customer (id, phone, birth_date, membership, user_id) values (145, '4409843445', '2022-01-11', 'G', 145);
insert into store_customer (id, phone, birth_date, membership, user_id) values (146, '9896704411', '2022-08-30', 'G', 146);
insert into store_customer (id, phone, birth_date, membership, user_id) values (147, '8007730379', '2022-05-27', 'S', 147);
insert into store_customer (id, phone, birth_date, membership, user_id) values (148, '9261936861', '2022-02-10', 'G', 148);
insert into store_customer (id, phone, birth_date, membership, user_id) values (149, '2597366110', '2022-01-18', 'G', 149);
insert into store_customer (id, phone, birth_date, membership, user_id) values (150, '5256610853', '2022-10-29', 'B', 150);
insert into store_customer (id, phone, birth_date, membership, user_id) values (151, '4897258239', '2022-10-02', 'G', 151);
insert into store_customer (id, phone, birth_date, membership, user_id) values (152, '4946714776', '2022-07-31', 'B', 152);
insert into store_customer (id, phone, birth_date, membership, user_id) values (153, '9736226958', '2022-11-02', 'S', 153);
insert into store_customer (id, phone, birth_date, membership, user_id) values (154, '2917131904', '2022-02-08', 'G', 154);
insert into store_customer (id, phone, birth_date, membership, user_id) values (155, '7382304783', '2022-02-06', 'G', 155);
insert into store_customer (id, phone, birth_date, membership, user_id) values (156, '8038136402', '2022-09-21', 'G', 156);
insert into store_customer (id, phone, birth_date, membership, user_id) values (157, '9373428476', '2022-04-30', 'S', 157);
insert into store_customer (id, phone, birth_date, membership, user_id) values (158, '1197201176', '2022-07-29', 'S', 158);
insert into store_customer (id, phone, birth_date, membership, user_id) values (159, '6602947694', '2021-12-20', 'G', 159);
insert into store_customer (id, phone, birth_date, membership, user_id) values (160, '5805313209', '2022-07-28', 'G', 160);
insert into store_customer (id, phone, birth_date, membership, user_id) values (161, '7327087628', '2022-08-13', 'G', 161);
insert into store_customer (id, phone, birth_date, membership, user_id) values (162, '5561412612', '2022-01-31', 'B', 162);
insert into store_customer (id, phone, birth_date, membership, user_id) values (163, '3494052431', '2022-04-22', 'S', 163);
insert into store_customer (id, phone, birth_date, membership, user_id) values (164, '2987989379', '2022-05-19', 'G', 164);
insert into store_customer (id, phone, birth_date, membership, user_id) values (165, '9834846462', '2022-09-05', 'B', 165);
insert into store_customer (id, phone, birth_date, membership, user_id) values (166, '3358543372', '2021-11-10', 'G', 166);
insert into store_customer (id, phone, birth_date, membership, user_id) values (167, '2163602245', '2022-04-28', 'B', 167);
insert into store_customer (id, phone, birth_date, membership, user_id) values (168, '1728223874', '2022-05-14', 'S', 168);
insert into store_customer (id, phone, birth_date, membership, user_id) values (169, '6867044887', '2022-05-03', 'G', 169);
insert into store_customer (id, phone, birth_date, membership, user_id) values (170, '9015221595', '2022-07-09', 'G', 170);
insert into store_customer (id, phone, birth_date, membership, user_id) values (171, '6274801543', '2022-04-17', 'B', 171);
insert into store_customer (id, phone, birth_date, membership, user_id) values (172, '3403887091', '2022-01-01', 'G', 172);
insert into store_customer (id, phone, birth_date, membership, user_id) values (173, '3916549407', '2022-02-25', 'G', 173);
insert into store_customer (id, phone, birth_date, membership, user_id) values (174, '3206153247', '2022-05-17', 'G', 174);
insert into store_customer (id, phone, birth_date, membership, user_id) values (175, '9564408581', '2021-12-07', 'G', 175);
insert into store_customer (id, phone, birth_date, membership, user_id) values (176, '6344791236', '2022-03-11', 'G', 176);
insert into store_customer (id, phone, birth_date, membership, user_id) values (177, '9303259241', '2022-04-01', 'B', 177);
insert into store_customer (id, phone, birth_date, membership, user_id) values (178, '5479622123', '2022-03-09', 'G', 178);
insert into store_customer (id, phone, birth_date, membership, user_id) values (179, '5715700440', '2022-10-16', 'G', 179);
insert into store_customer (id, phone, birth_date, membership, user_id) values (180, '7952238603', '2022-02-09', 'B', 180);
insert into store_customer (id, phone, birth_date, membership, user_id) values (181, '1243036779', '2022-11-08', 'S', 181);
insert into store_customer (id, phone, birth_date, membership, user_id) values (182, '2581947153', '2022-03-20', 'G', 182);
insert into store_customer (id, phone, birth_date, membership, user_id) values (183, '9651164369', '2022-02-28', 'B', 183);
insert into store_customer (id, phone, birth_date, membership, user_id) values (184, '5614936352', '2022-03-23', 'S', 184);
insert into store_customer (id, phone, birth_date, membership, user_id) values (185, '3817790603', '2021-12-15', 'G', 185);
insert into store_customer (id, phone, birth_date, membership, user_id) values (186, '8944093360', '2022-09-26', 'G', 186);
insert into store_customer (id, phone, birth_date, membership, user_id) values (187, '9623677075', '2022-05-19', 'B', 187);
insert into store_customer (id, phone, birth_date, membership, user_id) values (188, '3961739899', '2022-02-09', 'B', 188);
insert into store_customer (id, phone, birth_date, membership, user_id) values (189, '7157597377', '2022-08-01', 'S', 189);
insert into store_customer (id, phone, birth_date, membership, user_id) values (190, '6062787874', '2022-05-25', 'S', 190);
insert into store_customer (id, phone, birth_date, membership, user_id) values (191, '7073182374', '2021-12-17', 'B', 191);
insert into store_customer (id, phone, birth_date, membership, user_id) values (192, '8786649458', '2022-03-25', 'B', 192);
insert into store_customer (id, phone, birth_date, membership, user_id) values (193, '6369867653', '2021-12-29', 'B', 193);
insert into store_customer (id, phone, birth_date, membership, user_id) values (194, '1112522814', '2022-03-01', 'G', 194);
insert into store_customer (id, phone, birth_date, membership, user_id) values (195, '2543862355', '2022-05-14', 'G', 195);
insert into store_customer (id, phone, birth_date, membership, user_id) values (196, '9528166102', '2022-02-25', 'G', 196);
insert into store_customer (id, phone, birth_date, membership, user_id) values (197, '3476783250', '2022-03-31', 'B', 197);
insert into store_customer (id, phone, birth_date, membership, user_id) values (198, '8295997050', '2022-10-12', 'G', 198);
insert into store_customer (id, phone, birth_date, membership, user_id) values (199, '1419430329', '2022-05-17', 'B', 199);
insert into store_customer (id, phone, birth_date, membership, user_id) values (200, '5556385987', '2022-04-15', 'B', 200);


-- Order
insert into store_order (id, placed_at, payment_status, customer_id) values (1, '2022-08-02', 'P', 1);
insert into store_order (id, placed_at, payment_status, customer_id) values (2, '2022-06-22', 'F', 2);
insert into store_order (id, placed_at, payment_status, customer_id) values (3, '2022-04-29', 'F', 3);
insert into store_order (id, placed_at, payment_status, customer_id) values (4, '2022-10-01', 'F', 4);
insert into store_order (id, placed_at, payment_status, customer_id) values (5, '2022-07-29', 'P', 5);
insert into store_order (id, placed_at, payment_status, customer_id) values (6, '2022-08-05', 'S', 6);
insert into store_order (id, placed_at, payment_status, customer_id) values (7, '2022-04-19', 'F', 7);
insert into store_order (id, placed_at, payment_status, customer_id) values (8, '2022-03-10', 'S', 8);
insert into store_order (id, placed_at, payment_status, customer_id) values (9, '2022-08-23', 'F', 9);
insert into store_order (id, placed_at, payment_status, customer_id) values (10, '2022-02-05', 'S', 10);
insert into store_order (id, placed_at, payment_status, customer_id) values (11, '2022-05-03', 'F', 11);
insert into store_order (id, placed_at, payment_status, customer_id) values (12, '2022-05-04', 'F', 12);
insert into store_order (id, placed_at, payment_status, customer_id) values (13, '2022-10-31', 'F', 13);
insert into store_order (id, placed_at, payment_status, customer_id) values (14, '2022-10-11', 'S', 14);
insert into store_order (id, placed_at, payment_status, customer_id) values (15, '2022-10-12', 'P', 15);
insert into store_order (id, placed_at, payment_status, customer_id) values (16, '2021-11-23', 'F', 16);
insert into store_order (id, placed_at, payment_status, customer_id) values (17, '2021-11-16', 'F', 17);
insert into store_order (id, placed_at, payment_status, customer_id) values (18, '2021-12-09', 'S', 18);
insert into store_order (id, placed_at, payment_status, customer_id) values (19, '2022-01-05', 'F', 19);
insert into store_order (id, placed_at, payment_status, customer_id) values (20, '2022-08-15', 'F', 20);
insert into store_order (id, placed_at, payment_status, customer_id) values (21, '2022-10-21', 'S', 21);
insert into store_order (id, placed_at, payment_status, customer_id) values (22, '2022-03-10', 'F', 22);
insert into store_order (id, placed_at, payment_status, customer_id) values (23, '2022-10-24', 'F', 23);
insert into store_order (id, placed_at, payment_status, customer_id) values (24, '2022-11-01', 'F', 24);
insert into store_order (id, placed_at, payment_status, customer_id) values (25, '2022-03-26', 'P', 25);
insert into store_order (id, placed_at, payment_status, customer_id) values (26, '2022-05-03', 'F', 26);
insert into store_order (id, placed_at, payment_status, customer_id) values (27, '2022-10-02', 'F', 27);
insert into store_order (id, placed_at, payment_status, customer_id) values (28, '2021-11-14', 'F', 28);
insert into store_order (id, placed_at, payment_status, customer_id) values (29, '2022-01-22', 'F', 29);
insert into store_order (id, placed_at, payment_status, customer_id) values (30, '2022-05-09', 'P', 30);
insert into store_order (id, placed_at, payment_status, customer_id) values (31, '2022-08-26', 'F', 31);
insert into store_order (id, placed_at, payment_status, customer_id) values (32, '2022-04-28', 'F', 32);
insert into store_order (id, placed_at, payment_status, customer_id) values (33, '2022-11-08', 'F', 33);
insert into store_order (id, placed_at, payment_status, customer_id) values (34, '2021-12-13', 'F', 34);
insert into store_order (id, placed_at, payment_status, customer_id) values (35, '2022-01-23', 'P', 35);
insert into store_order (id, placed_at, payment_status, customer_id) values (36, '2021-12-12', 'F', 36);
insert into store_order (id, placed_at, payment_status, customer_id) values (37, '2022-02-18', 'F', 37);
insert into store_order (id, placed_at, payment_status, customer_id) values (38, '2022-09-09', 'F', 38);
insert into store_order (id, placed_at, payment_status, customer_id) values (39, '2022-08-21', 'P', 39);
insert into store_order (id, placed_at, payment_status, customer_id) values (40, '2021-11-17', 'F', 40);
insert into store_order (id, placed_at, payment_status, customer_id) values (41, '2021-11-22', 'F', 41);
insert into store_order (id, placed_at, payment_status, customer_id) values (42, '2021-12-25', 'S', 42);
insert into store_order (id, placed_at, payment_status, customer_id) values (43, '2021-12-07', 'P', 43);
insert into store_order (id, placed_at, payment_status, customer_id) values (44, '2022-06-19', 'S', 44);
insert into store_order (id, placed_at, payment_status, customer_id) values (45, '2022-08-03', 'F', 45);
insert into store_order (id, placed_at, payment_status, customer_id) values (46, '2022-05-10', 'F', 46);
insert into store_order (id, placed_at, payment_status, customer_id) values (47, '2022-09-11', 'P', 47);
insert into store_order (id, placed_at, payment_status, customer_id) values (48, '2022-03-22', 'F', 48);
insert into store_order (id, placed_at, payment_status, customer_id) values (49, '2022-08-11', 'F', 49);
insert into store_order (id, placed_at, payment_status, customer_id) values (50, '2022-10-28', 'S', 50);
insert into store_order (id, placed_at, payment_status, customer_id) values (51, '2022-08-20', 'F', 51);
insert into store_order (id, placed_at, payment_status, customer_id) values (52, '2022-06-08', 'F', 52);
insert into store_order (id, placed_at, payment_status, customer_id) values (53, '2021-11-23', 'F', 53);
insert into store_order (id, placed_at, payment_status, customer_id) values (54, '2022-01-23', 'P', 54);
insert into store_order (id, placed_at, payment_status, customer_id) values (55, '2022-09-29', 'F', 55);
insert into store_order (id, placed_at, payment_status, customer_id) values (56, '2022-09-22', 'F', 56);
insert into store_order (id, placed_at, payment_status, customer_id) values (57, '2022-09-06', 'F', 57);
insert into store_order (id, placed_at, payment_status, customer_id) values (58, '2022-11-03', 'F', 58);
insert into store_order (id, placed_at, payment_status, customer_id) values (59, '2022-02-01', 'F', 59);
insert into store_order (id, placed_at, payment_status, customer_id) values (60, '2022-10-04', 'S', 60);
insert into store_order (id, placed_at, payment_status, customer_id) values (61, '2022-09-19', 'F', 61);
insert into store_order (id, placed_at, payment_status, customer_id) values (62, '2022-06-06', 'P', 62);
insert into store_order (id, placed_at, payment_status, customer_id) values (63, '2022-03-30', 'F', 63);
insert into store_order (id, placed_at, payment_status, customer_id) values (64, '2022-04-10', 'S', 64);
insert into store_order (id, placed_at, payment_status, customer_id) values (65, '2022-08-21', 'F', 65);
insert into store_order (id, placed_at, payment_status, customer_id) values (66, '2022-09-20', 'S', 66);
insert into store_order (id, placed_at, payment_status, customer_id) values (67, '2022-07-22', 'F', 67);
insert into store_order (id, placed_at, payment_status, customer_id) values (68, '2022-06-03', 'P', 68);
insert into store_order (id, placed_at, payment_status, customer_id) values (69, '2022-04-10', 'F', 69);
insert into store_order (id, placed_at, payment_status, customer_id) values (70, '2022-01-26', 'S', 70);
insert into store_order (id, placed_at, payment_status, customer_id) values (71, '2022-10-19', 'S', 71);
insert into store_order (id, placed_at, payment_status, customer_id) values (72, '2022-05-11', 'S', 72);
insert into store_order (id, placed_at, payment_status, customer_id) values (73, '2022-05-23', 'S', 73);
insert into store_order (id, placed_at, payment_status, customer_id) values (74, '2022-04-04', 'F', 74);
insert into store_order (id, placed_at, payment_status, customer_id) values (75, '2022-01-21', 'F', 75);
insert into store_order (id, placed_at, payment_status, customer_id) values (76, '2022-09-19', 'F', 76);
insert into store_order (id, placed_at, payment_status, customer_id) values (77, '2022-03-03', 'P', 77);
insert into store_order (id, placed_at, payment_status, customer_id) values (78, '2021-12-30', 'F', 78);
insert into store_order (id, placed_at, payment_status, customer_id) values (79, '2022-03-29', 'P', 79);
insert into store_order (id, placed_at, payment_status, customer_id) values (80, '2022-09-24', 'P', 80);
insert into store_order (id, placed_at, payment_status, customer_id) values (81, '2022-02-05', 'S', 81);
insert into store_order (id, placed_at, payment_status, customer_id) values (82, '2022-06-28', 'F', 82);
insert into store_order (id, placed_at, payment_status, customer_id) values (83, '2021-12-27', 'F', 83);
insert into store_order (id, placed_at, payment_status, customer_id) values (84, '2022-01-02', 'F', 84);
insert into store_order (id, placed_at, payment_status, customer_id) values (85, '2022-09-03', 'F', 85);
insert into store_order (id, placed_at, payment_status, customer_id) values (86, '2022-02-10', 'F', 86);
insert into store_order (id, placed_at, payment_status, customer_id) values (87, '2022-04-01', 'F', 87);
insert into store_order (id, placed_at, payment_status, customer_id) values (88, '2022-05-23', 'F', 88);
insert into store_order (id, placed_at, payment_status, customer_id) values (89, '2022-08-03', 'F', 89);
insert into store_order (id, placed_at, payment_status, customer_id) values (90, '2022-03-28', 'F', 90);
insert into store_order (id, placed_at, payment_status, customer_id) values (91, '2022-02-18', 'F', 91);
insert into store_order (id, placed_at, payment_status, customer_id) values (92, '2022-04-30', 'F', 92);
insert into store_order (id, placed_at, payment_status, customer_id) values (93, '2021-12-20', 'P', 93);
insert into store_order (id, placed_at, payment_status, customer_id) values (94, '2022-04-01', 'F', 94);
insert into store_order (id, placed_at, payment_status, customer_id) values (95, '2022-10-19', 'F', 95);
insert into store_order (id, placed_at, payment_status, customer_id) values (96, '2022-01-05', 'F', 96);
insert into store_order (id, placed_at, payment_status, customer_id) values (97, '2022-05-25', 'P', 97);
insert into store_order (id, placed_at, payment_status, customer_id) values (98, '2022-06-17', 'F', 98);
insert into store_order (id, placed_at, payment_status, customer_id) values (99, '2022-01-20', 'P', 99);
insert into store_order (id, placed_at, payment_status, customer_id) values (100, '2022-03-29', 'F', 100);
insert into store_order (id, placed_at, payment_status, customer_id) values (101, '2022-10-29', 'S', 101);
insert into store_order (id, placed_at, payment_status, customer_id) values (102, '2021-12-03', 'F', 102);
insert into store_order (id, placed_at, payment_status, customer_id) values (103, '2022-04-01', 'F', 103);
insert into store_order (id, placed_at, payment_status, customer_id) values (104, '2022-04-11', 'S', 104);
insert into store_order (id, placed_at, payment_status, customer_id) values (105, '2021-11-13', 'F', 105);
insert into store_order (id, placed_at, payment_status, customer_id) values (106, '2022-10-02', 'F', 106);
insert into store_order (id, placed_at, payment_status, customer_id) values (107, '2022-07-09', 'F', 107);
insert into store_order (id, placed_at, payment_status, customer_id) values (108, '2022-05-09', 'F', 108);
insert into store_order (id, placed_at, payment_status, customer_id) values (109, '2022-04-28', 'S', 109);
insert into store_order (id, placed_at, payment_status, customer_id) values (110, '2021-12-15', 'P', 110);
insert into store_order (id, placed_at, payment_status, customer_id) values (111, '2022-06-04', 'P', 111);
insert into store_order (id, placed_at, payment_status, customer_id) values (112, '2022-09-24', 'F', 112);
insert into store_order (id, placed_at, payment_status, customer_id) values (113, '2022-01-05', 'P', 113);
insert into store_order (id, placed_at, payment_status, customer_id) values (114, '2022-05-13', 'F', 114);
insert into store_order (id, placed_at, payment_status, customer_id) values (115, '2022-02-11', 'F', 115);
insert into store_order (id, placed_at, payment_status, customer_id) values (116, '2022-09-07', 'F', 116);
insert into store_order (id, placed_at, payment_status, customer_id) values (117, '2022-09-19', 'F', 117);
insert into store_order (id, placed_at, payment_status, customer_id) values (118, '2022-09-28', 'S', 118);
insert into store_order (id, placed_at, payment_status, customer_id) values (119, '2022-04-08', 'F', 119);
insert into store_order (id, placed_at, payment_status, customer_id) values (120, '2022-08-26', 'F', 120);
insert into store_order (id, placed_at, payment_status, customer_id) values (121, '2022-07-01', 'F', 121);
insert into store_order (id, placed_at, payment_status, customer_id) values (122, '2021-12-14', 'S', 122);
insert into store_order (id, placed_at, payment_status, customer_id) values (123, '2022-04-30', 'P', 123);
insert into store_order (id, placed_at, payment_status, customer_id) values (124, '2022-06-04', 'P', 124);
insert into store_order (id, placed_at, payment_status, customer_id) values (125, '2022-06-19', 'P', 125);
insert into store_order (id, placed_at, payment_status, customer_id) values (126, '2022-10-09', 'S', 126);
insert into store_order (id, placed_at, payment_status, customer_id) values (127, '2022-05-17', 'F', 127);
insert into store_order (id, placed_at, payment_status, customer_id) values (128, '2022-07-24', 'S', 128);
insert into store_order (id, placed_at, payment_status, customer_id) values (129, '2022-05-11', 'F', 129);
insert into store_order (id, placed_at, payment_status, customer_id) values (130, '2021-12-22', 'S', 130);
insert into store_order (id, placed_at, payment_status, customer_id) values (131, '2022-09-09', 'S', 131);
insert into store_order (id, placed_at, payment_status, customer_id) values (132, '2022-04-22', 'F', 132);
insert into store_order (id, placed_at, payment_status, customer_id) values (133, '2022-11-08', 'S', 133);
insert into store_order (id, placed_at, payment_status, customer_id) values (134, '2022-07-10', 'S', 134);
insert into store_order (id, placed_at, payment_status, customer_id) values (135, '2022-01-09', 'P', 135);
insert into store_order (id, placed_at, payment_status, customer_id) values (136, '2022-01-28', 'P', 136);
insert into store_order (id, placed_at, payment_status, customer_id) values (137, '2022-11-07', 'F', 137);
insert into store_order (id, placed_at, payment_status, customer_id) values (138, '2022-10-13', 'S', 138);
insert into store_order (id, placed_at, payment_status, customer_id) values (139, '2022-08-12', 'P', 139);
insert into store_order (id, placed_at, payment_status, customer_id) values (140, '2022-08-22', 'P', 140);
insert into store_order (id, placed_at, payment_status, customer_id) values (141, '2022-06-14', 'S', 141);
insert into store_order (id, placed_at, payment_status, customer_id) values (142, '2022-01-02', 'P', 142);
insert into store_order (id, placed_at, payment_status, customer_id) values (143, '2022-09-17', 'S', 143);
insert into store_order (id, placed_at, payment_status, customer_id) values (144, '2022-04-17', 'S', 144);
insert into store_order (id, placed_at, payment_status, customer_id) values (145, '2021-12-12', 'F', 145);
insert into store_order (id, placed_at, payment_status, customer_id) values (146, '2022-09-09', 'F', 146);
insert into store_order (id, placed_at, payment_status, customer_id) values (147, '2021-11-30', 'P', 147);
insert into store_order (id, placed_at, payment_status, customer_id) values (148, '2022-05-22', 'F', 148);
insert into store_order (id, placed_at, payment_status, customer_id) values (149, '2022-05-28', 'S', 149);
insert into store_order (id, placed_at, payment_status, customer_id) values (150, '2021-11-18', 'F', 150);
insert into store_order (id, placed_at, payment_status, customer_id) values (151, '2022-01-09', 'F', 151);
insert into store_order (id, placed_at, payment_status, customer_id) values (152, '2022-06-21', 'P', 152);
insert into store_order (id, placed_at, payment_status, customer_id) values (153, '2022-03-25', 'S', 153);
insert into store_order (id, placed_at, payment_status, customer_id) values (154, '2022-03-06', 'S', 154);
insert into store_order (id, placed_at, payment_status, customer_id) values (155, '2021-11-15', 'P', 155);
insert into store_order (id, placed_at, payment_status, customer_id) values (156, '2022-07-28', 'P', 156);
insert into store_order (id, placed_at, payment_status, customer_id) values (157, '2022-10-14', 'F', 157);
insert into store_order (id, placed_at, payment_status, customer_id) values (158, '2022-08-16', 'F', 158);
insert into store_order (id, placed_at, payment_status, customer_id) values (159, '2022-02-06', 'S', 159);
insert into store_order (id, placed_at, payment_status, customer_id) values (160, '2022-04-17', 'F', 160);
insert into store_order (id, placed_at, payment_status, customer_id) values (161, '2022-02-15', 'F', 161);
insert into store_order (id, placed_at, payment_status, customer_id) values (162, '2022-04-11', 'F', 162);
insert into store_order (id, placed_at, payment_status, customer_id) values (163, '2022-03-29', 'S', 163);
insert into store_order (id, placed_at, payment_status, customer_id) values (164, '2022-10-26', 'F', 164);
insert into store_order (id, placed_at, payment_status, customer_id) values (165, '2022-07-24', 'P', 165);
insert into store_order (id, placed_at, payment_status, customer_id) values (166, '2022-04-21', 'F', 166);
insert into store_order (id, placed_at, payment_status, customer_id) values (167, '2021-12-29', 'S', 167);
insert into store_order (id, placed_at, payment_status, customer_id) values (168, '2022-09-15', 'F', 168);
insert into store_order (id, placed_at, payment_status, customer_id) values (169, '2022-08-14', 'F', 169);
insert into store_order (id, placed_at, payment_status, customer_id) values (170, '2022-05-26', 'F', 170);
insert into store_order (id, placed_at, payment_status, customer_id) values (171, '2022-08-05', 'P', 171);
insert into store_order (id, placed_at, payment_status, customer_id) values (172, '2021-11-21', 'F', 172);
insert into store_order (id, placed_at, payment_status, customer_id) values (173, '2022-05-28', 'S', 173);
insert into store_order (id, placed_at, payment_status, customer_id) values (174, '2022-07-15', 'F', 174);
insert into store_order (id, placed_at, payment_status, customer_id) values (175, '2022-03-25', 'S', 175);
insert into store_order (id, placed_at, payment_status, customer_id) values (176, '2022-08-06', 'S', 176);
insert into store_order (id, placed_at, payment_status, customer_id) values (177, '2022-08-04', 'P', 177);
insert into store_order (id, placed_at, payment_status, customer_id) values (178, '2021-11-28', 'F', 178);
insert into store_order (id, placed_at, payment_status, customer_id) values (179, '2022-04-06', 'S', 179);
insert into store_order (id, placed_at, payment_status, customer_id) values (180, '2022-06-10', 'F', 180);
insert into store_order (id, placed_at, payment_status, customer_id) values (181, '2022-01-21', 'F', 181);
insert into store_order (id, placed_at, payment_status, customer_id) values (182, '2022-07-12', 'F', 182);
insert into store_order (id, placed_at, payment_status, customer_id) values (183, '2022-10-21', 'P', 183);
insert into store_order (id, placed_at, payment_status, customer_id) values (184, '2021-12-03', 'S', 184);
insert into store_order (id, placed_at, payment_status, customer_id) values (185, '2022-02-14', 'F', 185);
insert into store_order (id, placed_at, payment_status, customer_id) values (186, '2022-03-03', 'F', 186);
insert into store_order (id, placed_at, payment_status, customer_id) values (187, '2022-03-27', 'F', 187);
insert into store_order (id, placed_at, payment_status, customer_id) values (188, '2022-08-26', 'S', 188);
insert into store_order (id, placed_at, payment_status, customer_id) values (189, '2022-03-15', 'F', 189);
insert into store_order (id, placed_at, payment_status, customer_id) values (190, '2022-10-01', 'P', 190);
insert into store_order (id, placed_at, payment_status, customer_id) values (191, '2022-05-23', 'S', 191);
insert into store_order (id, placed_at, payment_status, customer_id) values (192, '2022-04-07', 'P', 192);
insert into store_order (id, placed_at, payment_status, customer_id) values (193, '2022-10-06', 'P', 193);
insert into store_order (id, placed_at, payment_status, customer_id) values (194, '2022-10-11', 'F', 194);
insert into store_order (id, placed_at, payment_status, customer_id) values (195, '2022-06-17', 'P', 195);
insert into store_order (id, placed_at, payment_status, customer_id) values (196, '2022-04-24', 'S', 196);
insert into store_order (id, placed_at, payment_status, customer_id) values (197, '2022-10-29', 'P', 197);
insert into store_order (id, placed_at, payment_status, customer_id) values (198, '2022-09-09', 'S', 198);
insert into store_order (id, placed_at, payment_status, customer_id) values (199, '2022-08-01', 'P', 199);
insert into store_order (id, placed_at, payment_status, customer_id) values (200, '2022-02-24', 'P', 200);


-- OrderItem


insert into store_orderitem (id, quantity, product_id, order_id, unit_price) values (1, 91, 1, 1, 266);
insert into store_orderitem (id, quantity, product_id, order_id, unit_price) values (2, 61, 2, 2, 625);
insert into store_orderitem (id, quantity, product_id, order_id, unit_price) values (3, 45, 3, 3, 274);
insert into store_orderitem (id, quantity, product_id, order_id, unit_price) values (4, 53, 4, 4, 140);
insert into store_orderitem (id, quantity, product_id, order_id, unit_price) values (5, 37, 5, 5, 868);
insert into store_orderitem (id, quantity, product_id, order_id, unit_price) values (6, 83, 6, 6, 627);
insert into store_orderitem (id, quantity, product_id, order_id, unit_price) values (7, 58, 7, 7, 879);
insert into store_orderitem (id, quantity, product_id, order_id, unit_price) values (8, 15, 8, 8, 430);
insert into store_orderitem (id, quantity, product_id, order_id, unit_price) values (9, 86, 9, 9, 670);
insert into store_orderitem (id, quantity, product_id, order_id, unit_price) values (10, 18, 10, 10, 631);
insert into store_orderitem (id, quantity, product_id, order_id, unit_price) values (11, 16, 11, 11, 522);
insert into store_orderitem (id, quantity, product_id, order_id, unit_price) values (12, 69, 12, 12, 867);
insert into store_orderitem (id, quantity, product_id, order_id, unit_price) values (13, 57, 13, 13, 543);
insert into store_orderitem (id, quantity, product_id, order_id, unit_price) values (14, 27, 14, 14, 163);
insert into store_orderitem (id, quantity, product_id, order_id, unit_price) values (15, 33, 15, 15, 186);
insert into store_orderitem (id, quantity, product_id, order_id, unit_price) values (16, 12, 16, 16, 571);
insert into store_orderitem (id, quantity, product_id, order_id, unit_price) values (17, 19, 17, 17, 676);
insert into store_orderitem (id, quantity, product_id, order_id, unit_price) values (18, 85, 18, 18, 436);
insert into store_orderitem (id, quantity, product_id, order_id, unit_price) values (19, 32, 19, 19, 725);
insert into store_orderitem (id, quantity, product_id, order_id, unit_price) values (20, 86, 20, 20, 483);
insert into store_orderitem (id, quantity, product_id, order_id, unit_price) values (21, 45, 21, 21, 986);
insert into store_orderitem (id, quantity, product_id, order_id, unit_price) values (22, 15, 22, 22, 227);
insert into store_orderitem (id, quantity, product_id, order_id, unit_price) values (23, 35, 23, 23, 777);
insert into store_orderitem (id, quantity, product_id, order_id, unit_price) values (24, 36, 24, 24, 700);
insert into store_orderitem (id, quantity, product_id, order_id, unit_price) values (25, 74, 25, 25, 183);
insert into store_orderitem (id, quantity, product_id, order_id, unit_price) values (26, 17, 26, 26, 824);
insert into store_orderitem (id, quantity, product_id, order_id, unit_price) values (27, 60, 27, 27, 972);
insert into store_orderitem (id, quantity, product_id, order_id, unit_price) values (28, 90, 28, 28, 201);
insert into store_orderitem (id, quantity, product_id, order_id, unit_price) values (29, 80, 29, 29, 199);
insert into store_orderitem (id, quantity, product_id, order_id, unit_price) values (30, 15, 30, 30, 506);
insert into store_orderitem (id, quantity, product_id, order_id, unit_price) values (31, 93, 31, 31, 826);
insert into store_orderitem (id, quantity, product_id, order_id, unit_price) values (32, 40, 32, 32, 794);
insert into store_orderitem (id, quantity, product_id, order_id, unit_price) values (33, 16, 33, 33, 301);
insert into store_orderitem (id, quantity, product_id, order_id, unit_price) values (34, 38, 34, 34, 447);
insert into store_orderitem (id, quantity, product_id, order_id, unit_price) values (35, 50, 35, 35, 778);
insert into store_orderitem (id, quantity, product_id, order_id, unit_price) values (36, 16, 36, 36, 144);
insert into store_orderitem (id, quantity, product_id, order_id, unit_price) values (37, 62, 37, 37, 980);
insert into store_orderitem (id, quantity, product_id, order_id, unit_price) values (38, 56, 38, 38, 573);
insert into store_orderitem (id, quantity, product_id, order_id, unit_price) values (39, 57, 39, 39, 805);
insert into store_orderitem (id, quantity, product_id, order_id, unit_price) values (40, 92, 40, 40, 721);
insert into store_orderitem (id, quantity, product_id, order_id, unit_price) values (41, 35, 41, 41, 645);
insert into store_orderitem (id, quantity, product_id, order_id, unit_price) values (42, 84, 42, 42, 304);
insert into store_orderitem (id, quantity, product_id, order_id, unit_price) values (43, 32, 43, 43, 226);
insert into store_orderitem (id, quantity, product_id, order_id, unit_price) values (44, 97, 44, 44, 372);
insert into store_orderitem (id, quantity, product_id, order_id, unit_price) values (45, 36, 45, 45, 433);
insert into store_orderitem (id, quantity, product_id, order_id, unit_price) values (46, 29, 46, 46, 552);
insert into store_orderitem (id, quantity, product_id, order_id, unit_price) values (47, 61, 47, 47, 606);
insert into store_orderitem (id, quantity, product_id, order_id, unit_price) values (48, 48, 48, 48, 409);
insert into store_orderitem (id, quantity, product_id, order_id, unit_price) values (49, 51, 49, 49, 823);
insert into store_orderitem (id, quantity, product_id, order_id, unit_price) values (50, 56, 50, 50, 278);
insert into store_orderitem (id, quantity, product_id, order_id, unit_price) values (51, 32, 51, 51, 445);
insert into store_orderitem (id, quantity, product_id, order_id, unit_price) values (52, 62, 52, 52, 427);
insert into store_orderitem (id, quantity, product_id, order_id, unit_price) values (53, 24, 53, 53, 431);
insert into store_orderitem (id, quantity, product_id, order_id, unit_price) values (54, 38, 54, 54, 292);
insert into store_orderitem (id, quantity, product_id, order_id, unit_price) values (55, 62, 55, 55, 748);
insert into store_orderitem (id, quantity, product_id, order_id, unit_price) values (56, 90, 56, 56, 579);
insert into store_orderitem (id, quantity, product_id, order_id, unit_price) values (57, 14, 57, 57, 291);
insert into store_orderitem (id, quantity, product_id, order_id, unit_price) values (58, 100, 58, 58, 771);
insert into store_orderitem (id, quantity, product_id, order_id, unit_price) values (59, 44, 59, 59, 408);
insert into store_orderitem (id, quantity, product_id, order_id, unit_price) values (60, 67, 60, 60, 786);
insert into store_orderitem (id, quantity, product_id, order_id, unit_price) values (61, 99, 61, 61, 948);
insert into store_orderitem (id, quantity, product_id, order_id, unit_price) values (62, 72, 62, 62, 238);
insert into store_orderitem (id, quantity, product_id, order_id, unit_price) values (63, 98, 63, 63, 293);
insert into store_orderitem (id, quantity, product_id, order_id, unit_price) values (64, 37, 64, 64, 822);
insert into store_orderitem (id, quantity, product_id, order_id, unit_price) values (65, 25, 65, 65, 170);
insert into store_orderitem (id, quantity, product_id, order_id, unit_price) values (66, 100, 66, 66, 291);
insert into store_orderitem (id, quantity, product_id, order_id, unit_price) values (67, 30, 67, 67, 243);
insert into store_orderitem (id, quantity, product_id, order_id, unit_price) values (68, 59, 68, 68, 685);
insert into store_orderitem (id, quantity, product_id, order_id, unit_price) values (69, 24, 69, 69, 132);
insert into store_orderitem (id, quantity, product_id, order_id, unit_price) values (70, 74, 70, 70, 587);
insert into store_orderitem (id, quantity, product_id, order_id, unit_price) values (71, 93, 71, 71, 237);
insert into store_orderitem (id, quantity, product_id, order_id, unit_price) values (72, 69, 72, 72, 388);
insert into store_orderitem (id, quantity, product_id, order_id, unit_price) values (73, 100, 73, 73, 941);
insert into store_orderitem (id, quantity, product_id, order_id, unit_price) values (74, 40, 74, 74, 710);
insert into store_orderitem (id, quantity, product_id, order_id, unit_price) values (75, 70, 75, 75, 579);
insert into store_orderitem (id, quantity, product_id, order_id, unit_price) values (76, 30, 76, 76, 815);
insert into store_orderitem (id, quantity, product_id, order_id, unit_price) values (77, 93, 77, 77, 120);
insert into store_orderitem (id, quantity, product_id, order_id, unit_price) values (78, 65, 78, 78, 623);
insert into store_orderitem (id, quantity, product_id, order_id, unit_price) values (79, 78, 79, 79, 210);
insert into store_orderitem (id, quantity, product_id, order_id, unit_price) values (80, 25, 80, 80, 369);
insert into store_orderitem (id, quantity, product_id, order_id, unit_price) values (81, 15, 81, 81, 306);
insert into store_orderitem (id, quantity, product_id, order_id, unit_price) values (82, 87, 82, 82, 472);
insert into store_orderitem (id, quantity, product_id, order_id, unit_price) values (83, 75, 83, 83, 258);
insert into store_orderitem (id, quantity, product_id, order_id, unit_price) values (84, 27, 84, 84, 490);
insert into store_orderitem (id, quantity, product_id, order_id, unit_price) values (85, 99, 85, 85, 571);
insert into store_orderitem (id, quantity, product_id, order_id, unit_price) values (86, 43, 86, 86, 273);
insert into store_orderitem (id, quantity, product_id, order_id, unit_price) values (87, 30, 87, 87, 425);
insert into store_orderitem (id, quantity, product_id, order_id, unit_price) values (88, 13, 88, 88, 784);
insert into store_orderitem (id, quantity, product_id, order_id, unit_price) values (89, 57, 89, 89, 375);
insert into store_orderitem (id, quantity, product_id, order_id, unit_price) values (90, 99, 90, 90, 118);
insert into store_orderitem (id, quantity, product_id, order_id, unit_price) values (91, 75, 91, 91, 536);
insert into store_orderitem (id, quantity, product_id, order_id, unit_price) values (92, 55, 92, 92, 278);
insert into store_orderitem (id, quantity, product_id, order_id, unit_price) values (93, 15, 93, 93, 689);
insert into store_orderitem (id, quantity, product_id, order_id, unit_price) values (94, 86, 94, 94, 445);
insert into store_orderitem (id, quantity, product_id, order_id, unit_price) values (95, 11, 95, 95, 690);
insert into store_orderitem (id, quantity, product_id, order_id, unit_price) values (96, 63, 96, 96, 135);
insert into store_orderitem (id, quantity, product_id, order_id, unit_price) values (97, 20, 97, 97, 419);
insert into store_orderitem (id, quantity, product_id, order_id, unit_price) values (98, 12, 98, 98, 202);
insert into store_orderitem (id, quantity, product_id, order_id, unit_price) values (99, 58, 99, 99, 467);
insert into store_orderitem (id, quantity, product_id, order_id, unit_price) values (100, 64, 100, 100, 604);
insert into store_orderitem (id, quantity, product_id, order_id, unit_price) values (101, 40, 101, 101, 753);
insert into store_orderitem (id, quantity, product_id, order_id, unit_price) values (102, 23, 102, 102, 125);
insert into store_orderitem (id, quantity, product_id, order_id, unit_price) values (103, 62, 103, 103, 961);
insert into store_orderitem (id, quantity, product_id, order_id, unit_price) values (104, 23, 104, 104, 461);
insert into store_orderitem (id, quantity, product_id, order_id, unit_price) values (105, 78, 105, 105, 496);
insert into store_orderitem (id, quantity, product_id, order_id, unit_price) values (106, 89, 106, 106, 112);
insert into store_orderitem (id, quantity, product_id, order_id, unit_price) values (107, 15, 107, 107, 213);
insert into store_orderitem (id, quantity, product_id, order_id, unit_price) values (108, 60, 108, 108, 163);
insert into store_orderitem (id, quantity, product_id, order_id, unit_price) values (109, 47, 109, 109, 358);
insert into store_orderitem (id, quantity, product_id, order_id, unit_price) values (110, 93, 110, 110, 310);
insert into store_orderitem (id, quantity, product_id, order_id, unit_price) values (111, 84, 111, 111, 802);
insert into store_orderitem (id, quantity, product_id, order_id, unit_price) values (112, 85, 112, 112, 619);
insert into store_orderitem (id, quantity, product_id, order_id, unit_price) values (113, 82, 113, 113, 913);
insert into store_orderitem (id, quantity, product_id, order_id, unit_price) values (114, 61, 114, 114, 413);
insert into store_orderitem (id, quantity, product_id, order_id, unit_price) values (115, 35, 115, 115, 749);
insert into store_orderitem (id, quantity, product_id, order_id, unit_price) values (116, 45, 116, 116, 570);
insert into store_orderitem (id, quantity, product_id, order_id, unit_price) values (117, 76, 117, 117, 827);
insert into store_orderitem (id, quantity, product_id, order_id, unit_price) values (118, 100, 118, 118, 747);
insert into store_orderitem (id, quantity, product_id, order_id, unit_price) values (119, 48, 119, 119, 234);
insert into store_orderitem (id, quantity, product_id, order_id, unit_price) values (120, 31, 120, 120, 449);
insert into store_orderitem (id, quantity, product_id, order_id, unit_price) values (121, 28, 121, 121, 657);
insert into store_orderitem (id, quantity, product_id, order_id, unit_price) values (122, 13, 122, 122, 757);
insert into store_orderitem (id, quantity, product_id, order_id, unit_price) values (123, 93, 123, 123, 243);
insert into store_orderitem (id, quantity, product_id, order_id, unit_price) values (124, 97, 124, 124, 231);
insert into store_orderitem (id, quantity, product_id, order_id, unit_price) values (125, 87, 125, 125, 151);
insert into store_orderitem (id, quantity, product_id, order_id, unit_price) values (126, 20, 126, 126, 935);
insert into store_orderitem (id, quantity, product_id, order_id, unit_price) values (127, 32, 127, 127, 813);
insert into store_orderitem (id, quantity, product_id, order_id, unit_price) values (128, 80, 128, 128, 424);
insert into store_orderitem (id, quantity, product_id, order_id, unit_price) values (129, 92, 129, 129, 791);
insert into store_orderitem (id, quantity, product_id, order_id, unit_price) values (130, 57, 130, 130, 691);
insert into store_orderitem (id, quantity, product_id, order_id, unit_price) values (131, 58, 131, 131, 481);
insert into store_orderitem (id, quantity, product_id, order_id, unit_price) values (132, 43, 132, 132, 736);
insert into store_orderitem (id, quantity, product_id, order_id, unit_price) values (133, 17, 133, 133, 962);
insert into store_orderitem (id, quantity, product_id, order_id, unit_price) values (134, 49, 134, 134, 498);
insert into store_orderitem (id, quantity, product_id, order_id, unit_price) values (135, 58, 135, 135, 929);
insert into store_orderitem (id, quantity, product_id, order_id, unit_price) values (136, 57, 136, 136, 302);
insert into store_orderitem (id, quantity, product_id, order_id, unit_price) values (137, 15, 137, 137, 282);
insert into store_orderitem (id, quantity, product_id, order_id, unit_price) values (138, 85, 138, 138, 492);
insert into store_orderitem (id, quantity, product_id, order_id, unit_price) values (139, 70, 139, 139, 235);
insert into store_orderitem (id, quantity, product_id, order_id, unit_price) values (140, 31, 140, 140, 544);
insert into store_orderitem (id, quantity, product_id, order_id, unit_price) values (141, 32, 141, 141, 940);
insert into store_orderitem (id, quantity, product_id, order_id, unit_price) values (142, 92, 142, 142, 696);
insert into store_orderitem (id, quantity, product_id, order_id, unit_price) values (143, 60, 143, 143, 625);
insert into store_orderitem (id, quantity, product_id, order_id, unit_price) values (144, 88, 144, 144, 372);
insert into store_orderitem (id, quantity, product_id, order_id, unit_price) values (145, 99, 145, 145, 828);
insert into store_orderitem (id, quantity, product_id, order_id, unit_price) values (146, 30, 146, 146, 131);
insert into store_orderitem (id, quantity, product_id, order_id, unit_price) values (147, 82, 147, 147, 662);
insert into store_orderitem (id, quantity, product_id, order_id, unit_price) values (148, 12, 148, 148, 287);
insert into store_orderitem (id, quantity, product_id, order_id, unit_price) values (149, 10, 149, 149, 863);
insert into store_orderitem (id, quantity, product_id, order_id, unit_price) values (150, 18, 150, 150, 359);
insert into store_orderitem (id, quantity, product_id, order_id, unit_price) values (151, 94, 151, 151, 675);
insert into store_orderitem (id, quantity, product_id, order_id, unit_price) values (152, 68, 152, 152, 368);
insert into store_orderitem (id, quantity, product_id, order_id, unit_price) values (153, 83, 153, 153, 197);
insert into store_orderitem (id, quantity, product_id, order_id, unit_price) values (154, 94, 154, 154, 726);
insert into store_orderitem (id, quantity, product_id, order_id, unit_price) values (155, 42, 155, 155, 597);
insert into store_orderitem (id, quantity, product_id, order_id, unit_price) values (156, 30, 156, 156, 160);
insert into store_orderitem (id, quantity, product_id, order_id, unit_price) values (157, 39, 157, 157, 963);
insert into store_orderitem (id, quantity, product_id, order_id, unit_price) values (158, 65, 158, 158, 846);
insert into store_orderitem (id, quantity, product_id, order_id, unit_price) values (159, 98, 159, 159, 200);
insert into store_orderitem (id, quantity, product_id, order_id, unit_price) values (160, 35, 160, 160, 635);
insert into store_orderitem (id, quantity, product_id, order_id, unit_price) values (161, 87, 161, 161, 380);
insert into store_orderitem (id, quantity, product_id, order_id, unit_price) values (162, 94, 162, 162, 278);
insert into store_orderitem (id, quantity, product_id, order_id, unit_price) values (163, 79, 163, 163, 668);
insert into store_orderitem (id, quantity, product_id, order_id, unit_price) values (164, 43, 164, 164, 498);
insert into store_orderitem (id, quantity, product_id, order_id, unit_price) values (165, 55, 165, 165, 277);
insert into store_orderitem (id, quantity, product_id, order_id, unit_price) values (166, 86, 166, 166, 244);
insert into store_orderitem (id, quantity, product_id, order_id, unit_price) values (167, 80, 167, 167, 890);
insert into store_orderitem (id, quantity, product_id, order_id, unit_price) values (168, 43, 168, 168, 860);
insert into store_orderitem (id, quantity, product_id, order_id, unit_price) values (169, 35, 169, 169, 736);
insert into store_orderitem (id, quantity, product_id, order_id, unit_price) values (170, 91, 170, 170, 869);
insert into store_orderitem (id, quantity, product_id, order_id, unit_price) values (171, 84, 171, 171, 612);
insert into store_orderitem (id, quantity, product_id, order_id, unit_price) values (172, 85, 172, 172, 968);
insert into store_orderitem (id, quantity, product_id, order_id, unit_price) values (173, 44, 173, 173, 752);
insert into store_orderitem (id, quantity, product_id, order_id, unit_price) values (174, 64, 174, 174, 873);
insert into store_orderitem (id, quantity, product_id, order_id, unit_price) values (175, 12, 175, 175, 229);
insert into store_orderitem (id, quantity, product_id, order_id, unit_price) values (176, 54, 176, 176, 956);
insert into store_orderitem (id, quantity, product_id, order_id, unit_price) values (177, 40, 177, 177, 440);
insert into store_orderitem (id, quantity, product_id, order_id, unit_price) values (178, 48, 178, 178, 256);
insert into store_orderitem (id, quantity, product_id, order_id, unit_price) values (179, 49, 179, 179, 114);
insert into store_orderitem (id, quantity, product_id, order_id, unit_price) values (180, 98, 180, 180, 371);
insert into store_orderitem (id, quantity, product_id, order_id, unit_price) values (181, 49, 181, 181, 556);
insert into store_orderitem (id, quantity, product_id, order_id, unit_price) values (182, 68, 182, 182, 406);
insert into store_orderitem (id, quantity, product_id, order_id, unit_price) values (183, 17, 183, 183, 339);
insert into store_orderitem (id, quantity, product_id, order_id, unit_price) values (184, 45, 184, 184, 774);
insert into store_orderitem (id, quantity, product_id, order_id, unit_price) values (185, 99, 185, 185, 874);
insert into store_orderitem (id, quantity, product_id, order_id, unit_price) values (186, 24, 186, 186, 466);
insert into store_orderitem (id, quantity, product_id, order_id, unit_price) values (187, 14, 187, 187, 628);
insert into store_orderitem (id, quantity, product_id, order_id, unit_price) values (188, 90, 188, 188, 215);
insert into store_orderitem (id, quantity, product_id, order_id, unit_price) values (189, 29, 189, 189, 277);
insert into store_orderitem (id, quantity, product_id, order_id, unit_price) values (190, 78, 190, 190, 617);
insert into store_orderitem (id, quantity, product_id, order_id, unit_price) values (191, 35, 191, 191, 353);
insert into store_orderitem (id, quantity, product_id, order_id, unit_price) values (192, 87, 192, 192, 491);
insert into store_orderitem (id, quantity, product_id, order_id, unit_price) values (193, 22, 193, 193, 571);
insert into store_orderitem (id, quantity, product_id, order_id, unit_price) values (194, 73, 194, 194, 348);
insert into store_orderitem (id, quantity, product_id, order_id, unit_price) values (195, 77, 195, 195, 603);
insert into store_orderitem (id, quantity, product_id, order_id, unit_price) values (196, 72, 196, 196, 409);
insert into store_orderitem (id, quantity, product_id, order_id, unit_price) values (197, 99, 197, 197, 341);
insert into store_orderitem (id, quantity, product_id, order_id, unit_price) values (198, 78, 198, 198, 512);
insert into store_orderitem (id, quantity, product_id, order_id, unit_price) values (199, 69, 199, 199, 447);
insert into store_orderitem (id, quantity, product_id, order_id, unit_price) values (200, 95, 200, 200, 938);

-- Address
insert into store_address (id, street, city, customer_id) values (1, '1 Warbler Road', 'Jadowniki', 1);
insert into store_address (id, street, city, customer_id) values (2, '68750 Morning Hill', 'Sartrouville', 2);
insert into store_address (id, street, city, customer_id) values (3, '7 Eagan Circle', 'Santa Cruz do Rio Pardo', 3);
insert into store_address (id, street, city, customer_id) values (4, '6757 Towne Street', 'Pateros', 4);
insert into store_address (id, street, city, customer_id) values (5, '886 Brentwood Way', 'Soledad', 5);
insert into store_address (id, street, city, customer_id) values (6, '834 Lerdahl Point', 'Narathiwat', 6);
insert into store_address (id, street, city, customer_id) values (7, '14024 Nevada Terrace', 'Xinghua', 7);
insert into store_address (id, street, city, customer_id) values (8, '6 Hollow Ridge Alley', 'Basse-Terre', 8);
insert into store_address (id, street, city, customer_id) values (9, '7468 Macpherson Court', 'Waiwejak', 9);
insert into store_address (id, street, city, customer_id) values (10, '993 Homewood Trail', 'Zhuyeping', 10);
insert into store_address (id, street, city, customer_id) values (11, '49989 Schmedeman Terrace', 'Yantian', 11);
insert into store_address (id, street, city, customer_id) values (12, '09 Marcy Parkway', 'Ikaalinen', 12);
insert into store_address (id, street, city, customer_id) values (13, '69624 Pankratz Crossing', 'Krasni Okny', 13);
insert into store_address (id, street, city, customer_id) values (14, '5 Ramsey Court', 'Duncan', 14);
insert into store_address (id, street, city, customer_id) values (15, '648 Merchant Center', 'Avi Terai', 15);
insert into store_address (id, street, city, customer_id) values (16, '3 Spohn Point', 'Besanon', 16);
insert into store_address (id, street, city, customer_id) values (17, '37 Crescent Oaks Way', 'Vsevolozhsk', 17);
insert into store_address (id, street, city, customer_id) values (18, '06116 Burrows Terrace', 'Neikeng', 18);
insert into store_address (id, street, city, customer_id) values (19, '6114 Fieldstone Place', 'La Soledad', 19);
insert into store_address (id, street, city, customer_id) values (20, '243 Little Fleur Crossing', 'Dnestrovsc', 20);
insert into store_address (id, street, city, customer_id) values (21, '381 Fairview Center', 'Huskvarna', 21);
insert into store_address (id, street, city, customer_id) values (22, '1836 Sunnyside Plaza', 'Shenshan', 22);
insert into store_address (id, street, city, customer_id) values (23, '777 Maywood Parkway', 'Terre Haute', 23);
insert into store_address (id, street, city, customer_id) values (24, '10 Welch Place', 'Beiling', 24);
insert into store_address (id, street, city, customer_id) values (25, '479 Bellgrove Drive', 'Manturovo', 25);
insert into store_address (id, street, city, customer_id) values (26, '04862 Donald Lane', 'Tigil', 26);
insert into store_address (id, street, city, customer_id) values (27, '71973 Morning Way', 'Pavlovsk', 27);

-- Review

insert into store_review (id, name, description, date, product_id) values (1, 'Angus', 'tellus nisi eu orci mauris lacinia sapien quis libero nullam sit amet turpis elementum ligula vehicula consequat morbi a ipsum integer a nibh in quis justo maecenas rhoncus aliquam lacus', '2022-01-22', 1);
insert into store_review (id, name, description, date, product_id) values (2, 'Tomlin', 'integer non velit donec diam neque vestibulum eget vulputate ut ultrices vel augue', '2022-09-20', 2);
insert into store_review (id, name, description, date, product_id) values (3, 'Roseann', 'faucibus cursus urna ut tellus nulla ut erat id mauris vulputate elementum', '2022-04-03', 3);
insert into store_review (id, name, description, date, product_id) values (4, 'Georgianna', 'dui vel nisl duis ac nibh fusce lacus purus aliquet at feugiat non', '2022-07-14', 4);
insert into store_review (id, name, description, date, product_id) values (5, 'Tamra', 'pede ac diam cras pellentesque volutpat dui maecenas tristique est et tempus semper est quam pharetra magna', '2022-06-01', 5);
insert into store_review (id, name, description, date, product_id) values (6, 'Ruperto', 'turpis a pede posuere nonummy integer non velit donec diam neque vestibulum eget vulputate ut ultrices vel', '2022-06-27', 6);
insert into store_review (id, name, description, date, product_id) values (7, 'Frasier', 'ipsum primis in faucibus orci luctus et ultrices posuere cubilia curae nulla dapibus dolor vel est donec odio justo sollicitudin ut suscipit a feugiat et', '2022-09-02', 7);
insert into store_review (id, name, description, date, product_id) values (8, 'Molli', 'rutrum at lorem integer tincidunt ante vel ipsum praesent blandit lacinia erat vestibulum sed magna at nunc commodo placerat praesent blandit nam nulla integer pede justo lacinia eget', '2022-07-20', 8);
insert into store_review (id, name, description, date, product_id) values (9, 'Carson', 'in imperdiet et commodo vulputate justo in blandit ultrices enim lorem ipsum dolor sit amet consectetuer adipiscing elit', '2022-10-22', 9);
insert into store_review (id, name, description, date, product_id) values (10, 'Broddy', 'a ipsum integer a nibh in quis justo maecenas rhoncus aliquam lacus', '2022-08-12', 10);
insert into store_review (id, name, description, date, product_id) values (11, 'Carney', 'tincidunt lacus at velit vivamus vel nulla eget eros elementum pellentesque quisque porta volutpat erat quisque erat eros viverra eget congue eget semper rutrum nulla nunc purus phasellus in', '2022-02-02', 11);
insert into store_review (id, name, description, date, product_id) values (12, 'Lindsy', 'vel augue vestibulum ante ipsum primis in faucibus orci luctus et ultrices posuere cubilia', '2021-12-07', 12);
insert into store_review (id, name, description, date, product_id) values (13, 'Jessee', 'dolor quis odio consequat varius integer ac leo pellentesque ultrices mattis odio donec vitae nisi nam ultrices libero non mattis pulvinar', '2022-06-04', 13);
insert into store_review (id, name, description, date, product_id) values (14, 'Bambi', 'volutpat convallis morbi odio odio elementum eu interdum eu tincidunt in leo maecenas pulvinar lobortis est phasellus sit amet erat nulla tempus vivamus in felis eu sapien cursus vestibulum', '2021-11-30', 14);
insert into store_review (id, name, description, date, product_id) values (15, 'Fidela', 'eu magna vulputate luctus cum sociis natoque penatibus et magnis dis parturient montes nascetur ridiculus mus', '2022-11-01', 15);
insert into store_review (id, name, description, date, product_id) values (16, 'Tabby', 'lorem ipsum dolor sit amet consectetuer adipiscing elit proin interdum mauris non ligula pellentesque ultrices phasellus', '2022-05-09', 16);
insert into store_review (id, name, description, date, product_id) values (17, 'Carlo', 'tincidunt eget tempus vel pede morbi porttitor lorem id ligula suspendisse ornare consequat lectus in', '2022-04-01', 17);
insert into store_review (id, name, description, date, product_id) values (18, 'Elana', 'facilisi cras non velit nec nisi vulputate nonummy maecenas tincidunt lacus at velit vivamus vel nulla eget eros elementum pellentesque quisque porta volutpat erat quisque erat eros', '2022-07-15', 18);
insert into store_review (id, name, description, date, product_id) values (19, 'Daphne', 'odio porttitor id consequat in consequat ut nulla sed accumsan felis ut at dolor quis odio consequat varius integer', '2022-03-14', 19);
insert into store_review (id, name, description, date, product_id) values (20, 'Crista', 'tempus vivamus in felis eu sapien cursus vestibulum proin eu mi nulla ac enim in tempor', '2022-08-14', 20);
insert into store_review (id, name, description, date, product_id) values (21, 'Dannie', 'consequat in consequat ut nulla sed accumsan felis ut at dolor quis odio consequat varius integer', '2022-02-25', 21);
insert into store_review (id, name, description, date, product_id) values (22, 'Bastian', 'lectus vestibulum quam sapien varius ut blandit non interdum in ante vestibulum ante ipsum primis in faucibus orci luctus et ultrices', '2022-04-30', 22);
insert into store_review (id, name, description, date, product_id) values (23, 'Lonnie', 'eros suspendisse accumsan tortor quis turpis sed ante vivamus tortor duis mattis egestas metus aenean', '2022-10-25', 23);
insert into store_review (id, name, description, date, product_id) values (24, 'Katusha', 'magna vulputate luctus cum sociis natoque penatibus et magnis dis parturient montes', '2022-01-05', 24);
insert into store_review (id, name, description, date, product_id) values (25, 'Ursala', 'eu massa donec dapibus duis at velit eu est congue elementum in hac habitasse platea dictumst morbi vestibulum velit', '2022-11-05', 25);
insert into store_review (id, name, description, date, product_id) values (26, 'Sandi', 'sit amet nulla quisque arcu libero rutrum ac lobortis vel dapibus at diam nam tristique tortor eu pede', '2021-12-16', 26);
insert into store_review (id, name, description, date, product_id) values (27, 'Cristiano', 'curabitur gravida nisi at nibh in hac habitasse platea dictumst aliquam augue quam sollicitudin vitae consectetuer eget', '2022-01-08', 27);
insert into store_review (id, name, description, date, product_id) values (28, 'Humphrey', 'amet eleifend pede libero quis orci nullam molestie nibh in lectus pellentesque at nulla suspendisse potenti cras in purus eu magna vulputate luctus', '2022-10-16', 28);
insert into store_review (id, name, description, date, product_id) values (29, 'Lulu', 'aliquam sit amet diam in magna bibendum imperdiet nullam orci pede venenatis non sodales sed tincidunt eu', '2022-02-08', 29);
insert into store_review (id, name, description, date, product_id) values (30, 'Ashleigh', 'elit sodales scelerisque mauris sit amet eros suspendisse accumsan tortor quis turpis sed ante vivamus tortor duis mattis egestas metus aenean fermentum donec ut mauris eget massa', '2022-02-08', 30);
insert into store_review (id, name, description, date, product_id) values (31, 'Veronika', 'odio in hac habitasse platea dictumst maecenas ut massa quis augue luctus tincidunt nulla mollis molestie', '2022-09-25', 31);
insert into store_review (id, name, description, date, product_id) values (32, 'Othilia', 'tellus nisi eu orci mauris lacinia sapien quis libero nullam sit amet turpis elementum ligula vehicula consequat morbi a ipsum', '2022-03-27', 32);
insert into store_review (id, name, description, date, product_id) values (33, 'Man', 'platea dictumst etiam faucibus cursus urna ut tellus nulla ut erat id mauris vulputate elementum nullam varius nulla', '2022-05-29', 33);
insert into store_review (id, name, description, date, product_id) values (34, 'Elita', 'quam sollicitudin vitae consectetuer eget rutrum at lorem integer tincidunt', '2022-03-19', 34);
insert into store_review (id, name, description, date, product_id) values (35, 'Christin', 'bibendum felis sed interdum venenatis turpis enim blandit mi in', '2022-08-28', 35);
insert into store_review (id, name, description, date, product_id) values (36, 'Artus', 'ut erat curabitur gravida nisi at nibh in hac habitasse platea', '2022-08-29', 36);
insert into store_review (id, name, description, date, product_id) values (37, 'Bradley', 'congue etiam justo etiam pretium iaculis justo in hac habitasse platea dictumst etiam faucibus cursus urna ut tellus', '2022-09-20', 37);
insert into store_review (id, name, description, date, product_id) values (38, 'Rheba', 'congue eget semper rutrum nulla nunc purus phasellus in felis donec semper sapien a libero', '2022-07-27', 38);
insert into store_review (id, name, description, date, product_id) values (39, 'Cully', 'vestibulum rutrum rutrum neque aenean auctor gravida sem praesent id massa id nisl venenatis lacinia aenean sit amet justo morbi ut odio cras mi pede malesuada in imperdiet et', '2022-06-15', 39);
insert into store_review (id, name, description, date, product_id) values (40, 'Cletus', 'aliquam convallis nunc proin at turpis a pede posuere nonummy integer non velit donec', '2022-09-02', 40);
insert into store_review (id, name, description, date, product_id) values (41, 'Alicia', 'augue vestibulum rutrum rutrum neque aenean auctor gravida sem praesent id massa id nisl venenatis lacinia aenean sit amet justo morbi ut odio cras', '2021-11-19', 41);
insert into store_review (id, name, description, date, product_id) values (42, 'Jeane', 'ac nibh fusce lacus purus aliquet at feugiat non pretium quis lectus suspendisse potenti in', '2022-02-16', 42);
insert into store_review (id, name, description, date, product_id) values (43, 'Hy', 'sagittis sapien cum sociis natoque penatibus et magnis dis parturient montes nascetur ridiculus mus etiam vel augue vestibulum rutrum rutrum neque aenean auctor gravida sem praesent id', '2022-10-18', 43);
insert into store_review (id, name, description, date, product_id) values (44, 'Marjorie', 'euismod scelerisque quam turpis adipiscing lorem vitae mattis nibh ligula nec sem duis aliquam convallis nunc proin', '2021-12-24', 44);
insert into store_review (id, name, description, date, product_id) values (45, 'Darrick', 'ut erat id mauris vulputate elementum nullam varius nulla facilisi cras non velit nec nisi vulputate nonummy maecenas tincidunt lacus at velit vivamus vel nulla eget eros elementum pellentesque quisque', '2022-08-01', 45);
insert into store_review (id, name, description, date, product_id) values (46, 'Steffi', 'libero quis orci nullam molestie nibh in lectus pellentesque at nulla suspendisse potenti cras in purus eu magna vulputate luctus cum sociis natoque penatibus et magnis dis', '2022-06-02', 46);
insert into store_review (id, name, description, date, product_id) values (47, 'Clarine', 'nulla integer pede justo lacinia eget tincidunt eget tempus vel pede morbi porttitor lorem id ligula suspendisse ornare consequat lectus in est risus auctor sed tristique in tempus', '2022-09-19', 47);
insert into store_review (id, name, description, date, product_id) values (48, 'Grazia', 'fusce lacus purus aliquet at feugiat non pretium quis lectus suspendisse potenti in eleifend quam a odio in hac habitasse platea dictumst maecenas ut massa quis augue', '2022-06-17', 48);
insert into store_review (id, name, description, date, product_id) values (49, 'Leslie', 'etiam pretium iaculis justo in hac habitasse platea dictumst etiam faucibus cursus urna ut tellus nulla ut erat id mauris vulputate elementum nullam varius nulla facilisi cras non', '2022-10-01', 49);
insert into store_review (id, name, description, date, product_id) values (50, 'Albie', 'sapien dignissim vestibulum vestibulum ante ipsum primis in faucibus orci luctus et ultrices posuere cubilia', '2022-10-03', 50);
insert into store_review (id, name, description, date, product_id) values (51, 'Selia', 'habitasse platea dictumst etiam faucibus cursus urna ut tellus nulla ut erat id', '2021-12-15', 51);
insert into store_review (id, name, description, date, product_id) values (52, 'Charlotta', 'lacinia erat vestibulum sed magna at nunc commodo placerat praesent blandit', '2022-02-21', 52);
insert into store_review (id, name, description, date, product_id) values (53, 'Naoma', 'blandit non interdum in ante vestibulum ante ipsum primis in faucibus orci luctus et ultrices posuere cubilia curae', '2022-02-19', 53);
insert into store_review (id, name, description, date, product_id) values (54, 'Caroline', 'congue risus semper porta volutpat quam pede lobortis ligula sit amet eleifend pede libero quis orci nullam molestie nibh in lectus pellentesque at nulla suspendisse potenti cras in', '2022-03-27', 54);
insert into store_review (id, name, description, date, product_id) values (55, 'Ilario', 'ultricies eu nibh quisque id justo sit amet sapien dignissim vestibulum vestibulum ante ipsum primis in faucibus orci luctus et ultrices posuere cubilia curae nulla dapibus dolor', '2021-12-29', 55);
insert into store_review (id, name, description, date, product_id) values (56, 'Druci', 'pede justo eu massa donec dapibus duis at velit eu est congue elementum in hac habitasse platea dictumst morbi vestibulum velit id pretium', '2021-12-05', 56);
insert into store_review (id, name, description, date, product_id) values (57, 'Boyd', 'habitasse platea dictumst etiam faucibus cursus urna ut tellus nulla ut erat id mauris', '2022-02-02', 57);
insert into store_review (id, name, description, date, product_id) values (58, 'Jard', 'ridiculus mus vivamus vestibulum sagittis sapien cum sociis natoque penatibus et magnis dis parturient montes nascetur ridiculus mus etiam vel augue vestibulum rutrum rutrum neque aenean auctor gravida sem', '2022-02-05', 58);
insert into store_review (id, name, description, date, product_id) values (59, 'Tymothy', 'sapien a libero nam dui proin leo odio porttitor id consequat in', '2022-02-01', 59);
insert into store_review (id, name, description, date, product_id) values (60, 'Rustin', 'elit sodales scelerisque mauris sit amet eros suspendisse accumsan tortor quis turpis sed ante vivamus tortor duis mattis egestas metus aenean', '2022-02-13', 60);
insert into store_review (id, name, description, date, product_id) values (61, 'Desirae', 'est donec odio justo sollicitudin ut suscipit a feugiat et eros vestibulum ac est lacinia nisi venenatis tristique', '2022-05-27', 61);
insert into store_review (id, name, description, date, product_id) values (62, 'Padriac', 'non velit donec diam neque vestibulum eget vulputate ut ultrices vel augue vestibulum ante ipsum primis in faucibus orci luctus et ultrices', '2021-12-06', 62);
insert into store_review (id, name, description, date, product_id) values (63, 'Gabe', 'mauris vulputate elementum nullam varius nulla facilisi cras non velit nec nisi vulputate nonummy maecenas tincidunt lacus at velit vivamus vel nulla eget eros elementum pellentesque quisque porta volutpat erat', '2022-07-29', 63);
insert into store_review (id, name, description, date, product_id) values (64, 'Veronica', 'sed justo pellentesque viverra pede ac diam cras pellentesque volutpat dui maecenas tristique est et tempus semper est quam pharetra magna ac consequat metus sapien ut', '2022-07-06', 64);
insert into store_review (id, name, description, date, product_id) values (65, 'Elliott', 'ullamcorper purus sit amet nulla quisque arcu libero rutrum ac', '2022-05-14', 65);
insert into store_review (id, name, description, date, product_id) values (66, 'Fanchette', 'ut blandit non interdum in ante vestibulum ante ipsum primis in faucibus orci luctus et ultrices posuere cubilia curae duis faucibus accumsan odio', '2022-04-04', 66);
insert into store_review (id, name, description, date, product_id) values (67, 'Delora', 'dapibus duis at velit eu est congue elementum in hac', '2022-09-27', 67);
insert into store_review (id, name, description, date, product_id) values (68, 'Rikki', 'iaculis justo in hac habitasse platea dictumst etiam faucibus cursus urna ut', '2022-06-21', 68);
insert into store_review (id, name, description, date, product_id) values (69, 'Elyse', 'pede malesuada in imperdiet et commodo vulputate justo in blandit ultrices enim lorem ipsum dolor sit amet', '2022-02-17', 69);
insert into store_review (id, name, description, date, product_id) values (70, 'Davie', 'sed accumsan felis ut at dolor quis odio consequat varius integer ac leo pellentesque ultrices mattis odio donec vitae nisi nam ultrices libero non mattis pulvinar', '2021-12-21', 70);
insert into store_review (id, name, description, date, product_id) values (71, 'Christy', 'hac habitasse platea dictumst maecenas ut massa quis augue luctus tincidunt', '2022-03-22', 71);
insert into store_review (id, name, description, date, product_id) values (72, 'Tony', 'faucibus orci luctus et ultrices posuere cubilia curae donec pharetra magna vestibulum aliquet ultrices erat tortor sollicitudin mi sit amet lobortis sapien sapien non', '2022-03-04', 72);
insert into store_review (id, name, description, date, product_id) values (73, 'Kaiser', 'lectus in quam fringilla rhoncus mauris enim leo rhoncus sed vestibulum sit amet cursus id turpis integer aliquet massa id lobortis convallis tortor risus dapibus augue vel accumsan tellus nisi', '2021-11-26', 73);
insert into store_review (id, name, description, date, product_id) values (74, 'Mason', 'libero ut massa volutpat convallis morbi odio odio elementum eu interdum eu tincidunt in leo maecenas pulvinar lobortis est phasellus sit amet erat nulla tempus vivamus in', '2022-07-11', 74);
insert into store_review (id, name, description, date, product_id) values (75, 'Minnaminnie', 'dolor sit amet consectetuer adipiscing elit proin interdum mauris non ligula pellentesque ultrices phasellus id sapien in sapien iaculis congue vivamus metus arcu adipiscing molestie hendrerit at vulputate vitae', '2022-06-15', 75);
insert into store_review (id, name, description, date, product_id) values (76, 'Camala', 'a feugiat et eros vestibulum ac est lacinia nisi venenatis tristique fusce congue', '2022-03-04', 76);
insert into store_review (id, name, description, date, product_id) values (77, 'Valery', 'quis lectus suspendisse potenti in eleifend quam a odio in hac habitasse platea dictumst maecenas ut massa quis augue luctus tincidunt nulla mollis', '2022-05-14', 77);
insert into store_review (id, name, description, date, product_id) values (78, 'Orren', 'sed lacus morbi sem mauris laoreet ut rhoncus aliquet pulvinar sed nisl nunc rhoncus dui vel sem sed sagittis nam congue risus semper porta volutpat quam pede lobortis ligula', '2022-06-02', 78);
insert into store_review (id, name, description, date, product_id) values (79, 'Gabbie', 'in hac habitasse platea dictumst etiam faucibus cursus urna ut tellus nulla ut erat id mauris vulputate elementum nullam varius nulla facilisi cras non velit nec nisi', '2022-04-25', 79);
insert into store_review (id, name, description, date, product_id) values (80, 'Jakie', 'iaculis justo in hac habitasse platea dictumst etiam faucibus cursus urna ut tellus nulla ut erat id mauris vulputate elementum nullam varius nulla facilisi cras non velit nec nisi', '2022-03-29', 80);
insert into store_review (id, name, description, date, product_id) values (81, 'Alyss', 'erat vestibulum sed magna at nunc commodo placerat praesent blandit nam nulla integer pede justo lacinia eget tincidunt', '2022-05-06', 81);
insert into store_review (id, name, description, date, product_id) values (82, 'Yorke', 'in ante vestibulum ante ipsum primis in faucibus orci luctus et ultrices posuere', '2022-04-24', 82);
insert into store_review (id, name, description, date, product_id) values (83, 'Tabbie', 'ante nulla justo aliquam quis turpis eget elit sodales scelerisque mauris sit amet eros suspendisse accumsan tortor quis', '2021-12-05', 83);
insert into store_review (id, name, description, date, product_id) values (84, 'Giuseppe', 'vivamus in felis eu sapien cursus vestibulum proin eu mi nulla ac enim in tempor turpis nec euismod scelerisque quam turpis adipiscing lorem vitae mattis nibh', '2022-10-06', 84);
insert into store_review (id, name, description, date, product_id) values (85, 'Codie', 'justo etiam pretium iaculis justo in hac habitasse platea dictumst etiam faucibus cursus urna ut tellus nulla ut erat id mauris vulputate elementum', '2022-09-27', 85);
insert into store_review (id, name, description, date, product_id) values (86, 'Hazel', 'fusce congue diam id ornare imperdiet sapien urna pretium nisl ut volutpat sapien arcu sed augue aliquam erat', '2022-08-08', 86);
insert into store_review (id, name, description, date, product_id) values (87, 'Walliw', 'eget congue eget semper rutrum nulla nunc purus phasellus in felis donec semper sapien a libero nam dui proin leo odio porttitor id consequat in consequat ut nulla', '2022-08-01', 87);
insert into store_review (id, name, description, date, product_id) values (88, 'Wallis', 'sem praesent id massa id nisl venenatis lacinia aenean sit amet justo morbi ut odio cras mi pede', '2021-11-11', 88);
insert into store_review (id, name, description, date, product_id) values (89, 'Elayne', 'aliquam convallis nunc proin at turpis a pede posuere nonummy integer non velit donec diam neque vestibulum eget vulputate ut ultrices vel augue vestibulum ante ipsum primis in faucibus', '2022-01-13', 89);
insert into store_review (id, name, description, date, product_id) values (90, 'Ilene', 'orci nullam molestie nibh in lectus pellentesque at nulla suspendisse potenti cras in purus eu magna vulputate luctus cum sociis natoque penatibus et magnis dis parturient montes nascetur ridiculus', '2022-09-08', 90);
insert into store_review (id, name, description, date, product_id) values (91, 'Bennie', 'mattis pulvinar nulla pede ullamcorper augue a suscipit nulla elit ac nulla sed vel enim sit amet', '2021-11-27', 91);
insert into store_review (id, name, description, date, product_id) values (92, 'Jermaine', 'morbi non quam nec dui luctus rutrum nulla tellus in sagittis dui vel nisl duis ac nibh fusce lacus', '2021-12-07', 92);
insert into store_review (id, name, description, date, product_id) values (93, 'Everett', 'faucibus accumsan odio curabitur convallis duis consequat dui nec nisi volutpat eleifend donec ut dolor', '2022-07-20', 93);
insert into store_review (id, name, description, date, product_id) values (94, 'Emlynn', 'vitae mattis nibh ligula nec sem duis aliquam convallis nunc proin at turpis a pede posuere nonummy integer non velit donec diam neque vestibulum eget vulputate ut', '2022-03-05', 94);
insert into store_review (id, name, description, date, product_id) values (95, 'Conant', 'mi in porttitor pede justo eu massa donec dapibus duis at velit eu est congue elementum in hac habitasse platea dictumst morbi vestibulum velit id pretium iaculis diam erat fermentum', '2022-04-24', 95);
insert into store_review (id, name, description, date, product_id) values (96, 'Magdalene', 'elementum eu interdum eu tincidunt in leo maecenas pulvinar lobortis est phasellus sit amet erat nulla tempus vivamus in felis eu sapien cursus vestibulum', '2022-02-01', 96);
insert into store_review (id, name, description, date, product_id) values (97, 'Catharine', 'velit vivamus vel nulla eget eros elementum pellentesque quisque porta volutpat erat quisque erat eros viverra eget congue eget semper', '2021-12-16', 97);
insert into store_review (id, name, description, date, product_id) values (98, 'Kurtis', 'tempus vel pede morbi porttitor lorem id ligula suspendisse ornare consequat lectus in est risus auctor sed tristique in tempus sit amet sem fusce consequat nulla', '2022-01-13', 98);
insert into store_review (id, name, description, date, product_id) values (99, 'Ignacio', 'nulla tellus in sagittis dui vel nisl duis ac nibh fusce', '2022-08-07', 99);
insert into store_review (id, name, description, date, product_id) values (100, 'Roosevelt', 'justo aliquam quis turpis eget elit sodales scelerisque mauris sit amet eros suspendisse accumsan tortor quis turpis sed ante vivamus tortor', '2022-02-13', 100);
insert into store_review (id, name, description, date, product_id) values (101, 'Juliette', 'at feugiat non pretium quis lectus suspendisse potenti in eleifend quam a odio in hac habitasse platea dictumst maecenas ut massa quis augue luctus tincidunt', '2022-06-30', 101);
insert into store_review (id, name, description, date, product_id) values (102, 'Ruy', 'bibendum morbi non quam nec dui luctus rutrum nulla tellus in sagittis dui vel nisl duis', '2022-07-27', 102);
insert into store_review (id, name, description, date, product_id) values (103, 'Jacquelynn', 'duis bibendum felis sed interdum venenatis turpis enim blandit mi in porttitor pede justo eu massa donec dapibus duis at velit eu est congue elementum in hac', '2022-03-04', 103);
insert into store_review (id, name, description, date, product_id) values (104, 'Irvine', 'sed vestibulum sit amet cursus id turpis integer aliquet massa id lobortis convallis tortor risus dapibus augue vel accumsan tellus nisi', '2022-03-01', 104);
insert into store_review (id, name, description, date, product_id) values (105, 'Carmon', 'posuere cubilia curae nulla dapibus dolor vel est donec odio justo sollicitudin ut suscipit a feugiat et eros vestibulum ac est lacinia nisi venenatis tristique fusce', '2022-04-04', 105);
insert into store_review (id, name, description, date, product_id) values (106, 'Doyle', 'porta volutpat erat quisque erat eros viverra eget congue eget semper rutrum nulla nunc purus phasellus in felis donec semper sapien a libero nam', '2022-03-12', 106);
insert into store_review (id, name, description, date, product_id) values (107, 'Dorris', 'volutpat eleifend donec ut dolor morbi vel lectus in quam fringilla rhoncus mauris enim leo rhoncus sed vestibulum sit amet', '2022-09-08', 107);
insert into store_review (id, name, description, date, product_id) values (108, 'Siffre', 'erat volutpat in congue etiam justo etiam pretium iaculis justo in hac habitasse platea dictumst etiam faucibus cursus', '2022-08-25', 108);
insert into store_review (id, name, description, date, product_id) values (109, 'Alis', 'in congue etiam justo etiam pretium iaculis justo in hac habitasse platea dictumst etiam faucibus cursus urna ut tellus nulla ut erat id mauris vulputate elementum nullam', '2021-12-16', 109);
insert into store_review (id, name, description, date, product_id) values (110, 'Harv', 'quam fringilla rhoncus mauris enim leo rhoncus sed vestibulum sit amet cursus', '2022-06-27', 110);
insert into store_review (id, name, description, date, product_id) values (111, 'Buiron', 'felis ut at dolor quis odio consequat varius integer ac leo pellentesque ultrices mattis odio donec vitae nisi nam ultrices libero non mattis pulvinar nulla pede ullamcorper augue a suscipit', '2022-08-16', 111);
insert into store_review (id, name, description, date, product_id) values (112, 'Gorden', 'donec quis orci eget orci vehicula condimentum curabitur in libero ut massa volutpat convallis morbi odio odio', '2021-11-17', 112);
insert into store_review (id, name, description, date, product_id) values (113, 'Pietrek', 'nulla pede ullamcorper augue a suscipit nulla elit ac nulla sed vel enim sit amet nunc viverra dapibus nulla suscipit ligula in lacus curabitur at ipsum ac tellus', '2022-02-25', 113);
insert into store_review (id, name, description, date, product_id) values (114, 'Hildegaard', 'aliquet pulvinar sed nisl nunc rhoncus dui vel sem sed sagittis nam congue risus semper porta volutpat quam pede lobortis ligula sit amet eleifend pede libero quis orci nullam molestie', '2022-05-19', 114);
insert into store_review (id, name, description, date, product_id) values (115, 'Netty', 'quis libero nullam sit amet turpis elementum ligula vehicula consequat morbi a ipsum integer a nibh in quis justo maecenas rhoncus aliquam lacus morbi quis', '2022-05-17', 115);
insert into store_review (id, name, description, date, product_id) values (116, 'Koren', 'platea dictumst morbi vestibulum velit id pretium iaculis diam erat fermentum justo nec condimentum neque sapien placerat ante nulla', '2022-04-23', 116);
insert into store_review (id, name, description, date, product_id) values (117, 'Kriste', 'sodales scelerisque mauris sit amet eros suspendisse accumsan tortor quis turpis sed ante vivamus tortor duis mattis', '2021-12-12', 117);
insert into store_review (id, name, description, date, product_id) values (118, 'Laurella', 'sed tristique in tempus sit amet sem fusce consequat nulla nisl nunc nisl', '2022-05-17', 118);
insert into store_review (id, name, description, date, product_id) values (119, 'Annie', 'vestibulum ante ipsum primis in faucibus orci luctus et ultrices posuere cubilia curae mauris viverra diam vitae quam suspendisse potenti nullam porttitor lacus at', '2022-05-30', 119);
insert into store_review (id, name, description, date, product_id) values (120, 'Whit', 'nam congue risus semper porta volutpat quam pede lobortis ligula sit amet eleifend pede libero quis orci nullam molestie nibh in lectus pellentesque at nulla suspendisse potenti', '2022-02-06', 120);
insert into store_review (id, name, description, date, product_id) values (121, 'Brig', 'justo nec condimentum neque sapien placerat ante nulla justo aliquam quis turpis eget elit sodales scelerisque mauris sit amet eros suspendisse accumsan', '2021-12-05', 121);
insert into store_review (id, name, description, date, product_id) values (122, 'Bradly', 'morbi non lectus aliquam sit amet diam in magna bibendum imperdiet nullam orci pede venenatis non sodales sed tincidunt eu felis fusce posuere felis sed lacus morbi sem mauris laoreet', '2022-03-16', 122);
insert into store_review (id, name, description, date, product_id) values (123, 'Merle', 'quam nec dui luctus rutrum nulla tellus in sagittis dui vel nisl duis ac nibh fusce lacus purus aliquet at feugiat non pretium quis lectus suspendisse potenti in eleifend quam', '2022-07-15', 123);
insert into store_review (id, name, description, date, product_id) values (124, 'Debbi', 'augue vestibulum ante ipsum primis in faucibus orci luctus et ultrices posuere cubilia curae donec pharetra magna vestibulum aliquet ultrices erat tortor sollicitudin mi sit', '2022-10-26', 124);
insert into store_review (id, name, description, date, product_id) values (125, 'Suzann', 'ut erat id mauris vulputate elementum nullam varius nulla facilisi cras non velit nec nisi vulputate nonummy maecenas tincidunt lacus at velit vivamus', '2021-11-24', 125);
insert into store_review (id, name, description, date, product_id) values (126, 'Lilian', 'auctor gravida sem praesent id massa id nisl venenatis lacinia aenean sit amet', '2022-09-17', 126);
insert into store_review (id, name, description, date, product_id) values (127, 'Delaney', 'nullam porttitor lacus at turpis donec posuere metus vitae ipsum aliquam non mauris morbi non lectus aliquam', '2022-04-20', 127);
insert into store_review (id, name, description, date, product_id) values (128, 'Sula', 'nibh in lectus pellentesque at nulla suspendisse potenti cras in purus eu magna vulputate luctus cum sociis', '2022-04-30', 128);
insert into store_review (id, name, description, date, product_id) values (129, 'Tamarra', 'vivamus in felis eu sapien cursus vestibulum proin eu mi nulla ac enim in tempor turpis nec euismod scelerisque', '2022-05-29', 129);
insert into store_review (id, name, description, date, product_id) values (130, 'Estevan', 'cras mi pede malesuada in imperdiet et commodo vulputate justo in blandit ultrices enim lorem ipsum dolor sit amet consectetuer adipiscing elit proin interdum mauris non ligula pellentesque', '2022-08-29', 130);
insert into store_review (id, name, description, date, product_id) values (131, 'Roda', 'nonummy maecenas tincidunt lacus at velit vivamus vel nulla eget eros elementum pellentesque quisque porta', '2021-11-13', 131);
insert into store_review (id, name, description, date, product_id) values (132, 'Linell', 'pede justo eu massa donec dapibus duis at velit eu est congue elementum in hac habitasse platea dictumst morbi vestibulum velit', '2022-10-27', 132);
insert into store_review (id, name, description, date, product_id) values (133, 'Benito', 'quis orci eget orci vehicula condimentum curabitur in libero ut massa volutpat convallis morbi odio odio elementum eu interdum eu tincidunt in leo maecenas pulvinar lobortis', '2022-02-19', 133);
insert into store_review (id, name, description, date, product_id) values (134, 'Giffard', 'ut blandit non interdum in ante vestibulum ante ipsum primis in faucibus orci luctus et ultrices posuere cubilia curae duis faucibus', '2022-10-22', 134);
insert into store_review (id, name, description, date, product_id) values (135, 'Violette', 'enim in tempor turpis nec euismod scelerisque quam turpis adipiscing lorem vitae mattis nibh ligula nec sem duis aliquam convallis nunc proin at turpis a', '2022-01-11', 135);
insert into store_review (id, name, description, date, product_id) values (136, 'Hendrika', 'curabitur at ipsum ac tellus semper interdum mauris ullamcorper purus sit amet nulla quisque arcu libero', '2021-11-29', 136);
insert into store_review (id, name, description, date, product_id) values (137, 'Brett', 'sapien quis libero nullam sit amet turpis elementum ligula vehicula consequat', '2022-04-08', 137);
insert into store_review (id, name, description, date, product_id) values (138, 'Berkly', 'eleifend quam a odio in hac habitasse platea dictumst maecenas ut massa quis augue luctus tincidunt nulla mollis molestie lorem quisque ut erat curabitur', '2022-06-01', 138);
insert into store_review (id, name, description, date, product_id) values (139, 'Alexandr', 'felis sed lacus morbi sem mauris laoreet ut rhoncus aliquet pulvinar sed nisl nunc rhoncus dui', '2022-02-06', 139);
insert into store_review (id, name, description, date, product_id) values (140, 'Johnnie', 'duis at velit eu est congue elementum in hac habitasse platea dictumst morbi vestibulum velit id pretium', '2022-05-23', 140);
insert into store_review (id, name, description, date, product_id) values (141, 'Norma', 'erat curabitur gravida nisi at nibh in hac habitasse platea dictumst aliquam augue quam sollicitudin', '2022-08-25', 141);
insert into store_review (id, name, description, date, product_id) values (142, 'Aurelie', 'sapien urna pretium nisl ut volutpat sapien arcu sed augue aliquam erat volutpat in congue etiam justo etiam pretium iaculis justo in hac habitasse platea dictumst etiam faucibus', '2022-03-16', 142);
insert into store_review (id, name, description, date, product_id) values (143, 'Lynn', 'vivamus metus arcu adipiscing molestie hendrerit at vulputate vitae nisl aenean lectus pellentesque eget nunc donec quis orci eget orci vehicula condimentum', '2021-11-11', 143);
insert into store_review (id, name, description, date, product_id) values (144, 'Uta', 'nulla pede ullamcorper augue a suscipit nulla elit ac nulla sed vel enim sit amet nunc viverra dapibus nulla suscipit ligula in lacus', '2022-07-25', 144);
insert into store_review (id, name, description, date, product_id) values (145, 'Jesse', 'molestie hendrerit at vulputate vitae nisl aenean lectus pellentesque eget nunc', '2022-08-18', 145);
insert into store_review (id, name, description, date, product_id) values (146, 'Grenville', 'in congue etiam justo etiam pretium iaculis justo in hac habitasse platea dictumst etiam faucibus cursus urna ut tellus nulla ut erat id', '2021-11-12', 146);
insert into store_review (id, name, description, date, product_id) values (147, 'Odilia', 'tempus sit amet sem fusce consequat nulla nisl nunc nisl duis bibendum felis sed interdum venenatis', '2022-04-13', 147);
insert into store_review (id, name, description, date, product_id) values (148, 'Derrick', 'curae duis faucibus accumsan odio curabitur convallis duis consequat dui nec nisi volutpat eleifend donec ut dolor morbi vel lectus in quam fringilla rhoncus mauris enim leo', '2021-12-09', 148);
insert into store_review (id, name, description, date, product_id) values (149, 'Wittie', 'luctus ultricies eu nibh quisque id justo sit amet sapien dignissim vestibulum vestibulum ante ipsum primis in faucibus orci luctus et ultrices posuere', '2022-02-21', 149);
insert into store_review (id, name, description, date, product_id) values (150, 'Zsazsa', 'facilisi cras non velit nec nisi vulputate nonummy maecenas tincidunt', '2022-04-02', 150);
insert into store_review (id, name, description, date, product_id) values (151, 'Bevin', 'ante vel ipsum praesent blandit lacinia erat vestibulum sed magna', '2021-11-27', 151);
insert into store_review (id, name, description, date, product_id) values (152, 'Ramon', 'imperdiet sapien urna pretium nisl ut volutpat sapien arcu sed augue aliquam erat volutpat in congue etiam justo etiam pretium iaculis justo in hac habitasse platea', '2021-11-17', 152);
insert into store_review (id, name, description, date, product_id) values (153, 'Travus', 'aliquam augue quam sollicitudin vitae consectetuer eget rutrum at lorem integer tincidunt ante vel ipsum praesent blandit lacinia erat', '2021-11-18', 153);
insert into store_review (id, name, description, date, product_id) values (154, 'Cyrille', 'sit amet sapien dignissim vestibulum vestibulum ante ipsum primis in faucibus orci luctus et ultrices posuere cubilia curae nulla dapibus dolor vel est donec', '2022-11-03', 154);
insert into store_review (id, name, description, date, product_id) values (155, 'Deloria', 'integer tincidunt ante vel ipsum praesent blandit lacinia erat vestibulum sed magna at nunc commodo placerat', '2022-09-14', 155);
insert into store_review (id, name, description, date, product_id) values (156, 'Edee', 'morbi porttitor lorem id ligula suspendisse ornare consequat lectus in est risus auctor sed tristique in tempus sit amet sem fusce consequat', '2022-09-22', 156);
insert into store_review (id, name, description, date, product_id) values (157, 'Caresa', 'maecenas tristique est et tempus semper est quam pharetra magna ac consequat metus sapien ut nunc vestibulum ante ipsum primis in', '2022-07-01', 157);
insert into store_review (id, name, description, date, product_id) values (158, 'Zebulen', 'vehicula consequat morbi a ipsum integer a nibh in quis justo', '2022-04-07', 158);
insert into store_review (id, name, description, date, product_id) values (159, 'Lesya', 'ipsum aliquam non mauris morbi non lectus aliquam sit amet diam in magna bibendum imperdiet nullam orci pede', '2022-05-19', 159);
insert into store_review (id, name, description, date, product_id) values (160, 'Monti', 'sit amet nunc viverra dapibus nulla suscipit ligula in lacus curabitur at ipsum ac tellus semper interdum mauris ullamcorper purus sit amet nulla quisque arcu', '2022-09-25', 160);
insert into store_review (id, name, description, date, product_id) values (161, 'Padget', 'lorem id ligula suspendisse ornare consequat lectus in est risus auctor sed tristique in tempus sit amet sem fusce consequat nulla nisl nunc', '2022-01-06', 161);
insert into store_review (id, name, description, date, product_id) values (162, 'Avrit', 'a ipsum integer a nibh in quis justo maecenas rhoncus aliquam lacus morbi quis tortor id nulla ultrices aliquet maecenas leo odio condimentum', '2022-06-13', 162);
insert into store_review (id, name, description, date, product_id) values (163, 'Yolande', 'consequat nulla nisl nunc nisl duis bibendum felis sed interdum venenatis turpis enim blandit mi', '2022-04-24', 163);
insert into store_review (id, name, description, date, product_id) values (164, 'Donnamarie', 'pede ullamcorper augue a suscipit nulla elit ac nulla sed vel enim sit amet nunc viverra dapibus nulla', '2022-04-18', 164);
insert into store_review (id, name, description, date, product_id) values (165, 'Delores', 'felis eu sapien cursus vestibulum proin eu mi nulla ac enim in tempor turpis nec euismod scelerisque quam turpis adipiscing', '2022-10-23', 165);
insert into store_review (id, name, description, date, product_id) values (166, 'Ermengarde', 'nulla neque libero convallis eget eleifend luctus ultricies eu nibh quisque id justo sit amet sapien dignissim vestibulum vestibulum ante ipsum primis in faucibus orci luctus et ultrices posuere', '2022-08-20', 166);
insert into store_review (id, name, description, date, product_id) values (167, 'Weston', 'sit amet turpis elementum ligula vehicula consequat morbi a ipsum integer a nibh in quis justo maecenas rhoncus aliquam lacus morbi quis tortor id nulla', '2021-12-13', 167);
insert into store_review (id, name, description, date, product_id) values (168, 'Jocelyn', 'posuere cubilia curae duis faucibus accumsan odio curabitur convallis duis consequat dui nec nisi volutpat eleifend donec ut dolor morbi vel lectus in quam fringilla rhoncus', '2021-11-25', 168);
insert into store_review (id, name, description, date, product_id) values (169, 'Roderigo', 'mauris ullamcorper purus sit amet nulla quisque arcu libero rutrum ac', '2022-02-26', 169);
insert into store_review (id, name, description, date, product_id) values (170, 'Morty', 'fermentum justo nec condimentum neque sapien placerat ante nulla justo aliquam quis turpis', '2022-08-13', 170);
insert into store_review (id, name, description, date, product_id) values (171, 'Sophi', 'blandit mi in porttitor pede justo eu massa donec dapibus duis at velit eu est congue elementum in hac habitasse platea dictumst morbi vestibulum velit id pretium iaculis diam erat', '2022-06-28', 171);
insert into store_review (id, name, description, date, product_id) values (172, 'Lotty', 'penatibus et magnis dis parturient montes nascetur ridiculus mus etiam vel augue', '2022-10-02', 172);
insert into store_review (id, name, description, date, product_id) values (173, 'Adelind', 'potenti cras in purus eu magna vulputate luctus cum sociis natoque penatibus et magnis dis parturient montes nascetur', '2022-08-05', 173);
insert into store_review (id, name, description, date, product_id) values (174, 'Florina', 'et magnis dis parturient montes nascetur ridiculus mus etiam vel augue vestibulum rutrum rutrum neque aenean auctor gravida sem praesent id massa id nisl venenatis lacinia aenean sit', '2022-02-02', 174);
insert into store_review (id, name, description, date, product_id) values (175, 'Allsun', 'at feugiat non pretium quis lectus suspendisse potenti in eleifend quam a odio in hac habitasse platea dictumst', '2022-03-06', 175);
insert into store_review (id, name, description, date, product_id) values (176, 'Kathryn', 'aliquam sit amet diam in magna bibendum imperdiet nullam orci pede venenatis non sodales sed tincidunt eu felis fusce posuere felis', '2022-10-22', 176);
insert into store_review (id, name, description, date, product_id) values (177, 'Dorolice', 'aliquam convallis nunc proin at turpis a pede posuere nonummy', '2022-01-29', 177);
insert into store_review (id, name, description, date, product_id) values (178, 'Jemie', 'ut mauris eget massa tempor convallis nulla neque libero convallis eget eleifend luctus ultricies eu nibh quisque id justo sit amet sapien dignissim vestibulum vestibulum ante ipsum primis in', '2021-12-23', 178);
insert into store_review (id, name, description, date, product_id) values (179, 'Thomasa', 'lacus morbi sem mauris laoreet ut rhoncus aliquet pulvinar sed nisl nunc rhoncus dui vel sem sed sagittis nam congue risus semper porta', '2021-11-10', 179);
insert into store_review (id, name, description, date, product_id) values (180, 'Archaimbaud', 'purus phasellus in felis donec semper sapien a libero nam dui proin leo odio porttitor id consequat in consequat ut nulla sed accumsan felis ut at dolor quis odio consequat', '2022-04-02', 180);
insert into store_review (id, name, description, date, product_id) values (181, 'Woodman', 'risus dapibus augue vel accumsan tellus nisi eu orci mauris lacinia sapien quis libero nullam sit amet turpis elementum ligula vehicula consequat morbi a ipsum', '2022-07-22', 181);
insert into store_review (id, name, description, date, product_id) values (182, 'Leo', 'tincidunt nulla mollis molestie lorem quisque ut erat curabitur gravida nisi at nibh in hac', '2022-02-23', 182);
insert into store_review (id, name, description, date, product_id) values (183, 'Patrick', 'vel sem sed sagittis nam congue risus semper porta volutpat quam pede lobortis ligula sit amet eleifend pede libero quis orci nullam molestie nibh in lectus pellentesque at nulla', '2022-09-23', 183);
insert into store_review (id, name, description, date, product_id) values (184, 'Violante', 'nullam sit amet turpis elementum ligula vehicula consequat morbi a ipsum integer a nibh in', '2021-11-28', 184);
insert into store_review (id, name, description, date, product_id) values (185, 'Torie', 'quisque porta volutpat erat quisque erat eros viverra eget congue eget semper rutrum nulla nunc purus phasellus in', '2022-03-21', 185);
insert into store_review (id, name, description, date, product_id) values (186, 'Darelle', 'porta volutpat quam pede lobortis ligula sit amet eleifend pede libero quis orci nullam molestie nibh in', '2022-05-28', 186);
insert into store_review (id, name, description, date, product_id) values (187, 'Gaile', 'nisi volutpat eleifend donec ut dolor morbi vel lectus in quam fringilla rhoncus mauris enim leo rhoncus sed vestibulum sit amet cursus id turpis integer', '2022-01-17', 187);
insert into store_review (id, name, description, date, product_id) values (188, 'Naoma', 'nisl nunc rhoncus dui vel sem sed sagittis nam congue risus semper porta volutpat quam', '2022-01-25', 188);
insert into store_review (id, name, description, date, product_id) values (189, 'Quintina', 'orci eget orci vehicula condimentum curabitur in libero ut massa volutpat convallis morbi odio odio elementum eu interdum eu tincidunt in leo maecenas pulvinar', '2021-11-15', 189);
insert into store_review (id, name, description, date, product_id) values (190, 'Florette', 'in lacus curabitur at ipsum ac tellus semper interdum mauris ullamcorper purus sit amet nulla quisque arcu', '2021-12-06', 190);
insert into store_review (id, name, description, date, product_id) values (191, 'Valentino', 'vulputate nonummy maecenas tincidunt lacus at velit vivamus vel nulla eget eros elementum pellentesque quisque porta volutpat erat quisque erat eros viverra eget congue eget semper', '2022-08-20', 191);
insert into store_review (id, name, description, date, product_id) values (192, 'Tamarra', 'massa quis augue luctus tincidunt nulla mollis molestie lorem quisque ut erat curabitur gravida nisi at nibh in hac habitasse platea dictumst aliquam augue quam sollicitudin vitae', '2022-07-16', 192);
insert into store_review (id, name, description, date, product_id) values (193, 'Merl', 'ligula sit amet eleifend pede libero quis orci nullam molestie nibh in lectus pellentesque at nulla suspendisse potenti cras in purus', '2022-03-20', 193);
insert into store_review (id, name, description, date, product_id) values (194, 'Isidoro', 'auctor gravida sem praesent id massa id nisl venenatis lacinia aenean sit amet justo morbi ut odio cras mi pede malesuada in imperdiet et commodo vulputate justo in blandit ultrices', '2022-08-25', 194);
insert into store_review (id, name, description, date, product_id) values (195, 'Diandra', 'lacinia sapien quis libero nullam sit amet turpis elementum ligula vehicula consequat morbi a', '2022-09-18', 195);
insert into store_review (id, name, description, date, product_id) values (196, 'Fulton', 'massa donec dapibus duis at velit eu est congue elementum in hac habitasse platea dictumst morbi', '2022-03-05', 196);
insert into store_review (id, name, description, date, product_id) values (197, 'Sky', 'suspendisse potenti in eleifend quam a odio in hac habitasse platea dictumst maecenas ut massa quis augue luctus tincidunt nulla mollis molestie lorem quisque ut erat curabitur', '2022-06-17', 197);
insert into store_review (id, name, description, date, product_id) values (198, 'Leda', 'ipsum aliquam non mauris morbi non lectus aliquam sit amet diam in magna bibendum imperdiet nullam orci pede venenatis non sodales sed tincidunt eu', '2022-09-23', 198);
insert into store_review (id, name, description, date, product_id) values (199, 'Arleen', 'praesent blandit lacinia erat vestibulum sed magna at nunc commodo placerat praesent blandit nam nulla integer pede justo lacinia eget tincidunt eget tempus vel pede morbi porttitor', '2022-08-30', 199);
insert into store_review (id, name, description, date, product_id) values (200, 'Niki', 'scelerisque mauris sit amet eros suspendisse accumsan tortor quis turpis sed ante vivamus tortor duis mattis egestas metus aenean', '2022-08-25', 200);
insert into store_review (id, name, description, date, product_id) values (201, 'Dilly', 'elementum in hac habitasse platea dictumst morbi vestibulum velit id pretium iaculis diam erat fermentum justo nec condimentum neque sapien placerat', '2022-07-01', 201);
insert into store_review (id, name, description, date, product_id) values (202, 'Chane', 'at turpis a pede posuere nonummy integer non velit donec diam neque vestibulum eget vulputate ut ultrices vel augue vestibulum ante ipsum primis in faucibus orci luctus', '2022-07-17', 202);
insert into store_review (id, name, description, date, product_id) values (203, 'Rosina', 'nisi at nibh in hac habitasse platea dictumst aliquam augue quam sollicitudin vitae consectetuer eget rutrum at lorem integer tincidunt ante vel ipsum praesent blandit lacinia erat vestibulum', '2022-09-28', 203);
insert into store_review (id, name, description, date, product_id) values (204, 'Dianne', 'lacus morbi sem mauris laoreet ut rhoncus aliquet pulvinar sed nisl nunc', '2021-12-12', 204);
insert into store_review (id, name, description, date, product_id) values (205, 'Debora', 'eget massa tempor convallis nulla neque libero convallis eget eleifend luctus ultricies eu', '2022-06-24', 205);
insert into store_review (id, name, description, date, product_id) values (206, 'Lorilyn', 'sodales sed tincidunt eu felis fusce posuere felis sed lacus morbi sem mauris laoreet ut rhoncus', '2022-01-21', 206);
insert into store_review (id, name, description, date, product_id) values (207, 'Giralda', 'turpis eget elit sodales scelerisque mauris sit amet eros suspendisse accumsan tortor quis turpis sed ante vivamus tortor duis mattis', '2022-01-06', 207);
insert into store_review (id, name, description, date, product_id) values (208, 'Jesse', 'volutpat convallis morbi odio odio elementum eu interdum eu tincidunt in leo maecenas pulvinar lobortis est phasellus sit amet erat nulla', '2022-01-01', 208);
insert into store_review (id, name, description, date, product_id) values (209, 'Averil', 'eget vulputate ut ultrices vel augue vestibulum ante ipsum primis in faucibus orci luctus et ultrices posuere cubilia curae donec pharetra magna', '2022-02-16', 209);
insert into store_review (id, name, description, date, product_id) values (210, 'Ronald', 'adipiscing molestie hendrerit at vulputate vitae nisl aenean lectus pellentesque eget nunc donec quis orci eget orci vehicula condimentum', '2021-12-17', 210);
insert into store_review (id, name, description, date, product_id) values (211, 'Camey', 'congue eget semper rutrum nulla nunc purus phasellus in felis donec semper sapien a', '2021-12-14', 211);
insert into store_review (id, name, description, date, product_id) values (212, 'Sylvester', 'ac enim in tempor turpis nec euismod scelerisque quam turpis adipiscing lorem vitae mattis nibh ligula nec sem duis aliquam convallis nunc proin at turpis', '2021-11-24', 212);
insert into store_review (id, name, description, date, product_id) values (213, 'Marsha', 'a feugiat et eros vestibulum ac est lacinia nisi venenatis tristique fusce congue diam id ornare imperdiet sapien urna pretium nisl ut volutpat sapien arcu', '2021-11-14', 213);
insert into store_review (id, name, description, date, product_id) values (214, 'Nanette', 'velit vivamus vel nulla eget eros elementum pellentesque quisque porta volutpat erat quisque erat eros viverra', '2022-10-18', 214);
insert into store_review (id, name, description, date, product_id) values (215, 'Carie', 'felis eu sapien cursus vestibulum proin eu mi nulla ac enim in tempor', '2022-02-08', 215);
insert into store_review (id, name, description, date, product_id) values (216, 'Isidora', 'luctus et ultrices posuere cubilia curae nulla dapibus dolor vel est donec odio justo sollicitudin', '2022-10-13', 216);
insert into store_review (id, name, description, date, product_id) values (217, 'Brandy', 'mauris non ligula pellentesque ultrices phasellus id sapien in sapien iaculis', '2022-01-06', 217);
insert into store_review (id, name, description, date, product_id) values (218, 'Adeline', 'lectus vestibulum quam sapien varius ut blandit non interdum in', '2021-11-21', 218);
insert into store_review (id, name, description, date, product_id) values (219, 'Rosella', 'morbi vestibulum velit id pretium iaculis diam erat fermentum justo nec condimentum neque sapien placerat ante', '2022-06-21', 219);
insert into store_review (id, name, description, date, product_id) values (220, 'Gianna', 'ligula vehicula consequat morbi a ipsum integer a nibh in quis justo maecenas rhoncus aliquam lacus morbi quis tortor id nulla ultrices', '2021-11-12', 220);
insert into store_review (id, name, description, date, product_id) values (221, 'Elisabet', 'lacinia nisi venenatis tristique fusce congue diam id ornare imperdiet sapien urna', '2022-11-01', 221);
insert into store_review (id, name, description, date, product_id) values (222, 'Ashlee', 'dolor quis odio consequat varius integer ac leo pellentesque ultrices mattis odio donec vitae nisi nam ultrices', '2022-11-03', 222);
insert into store_review (id, name, description, date, product_id) values (223, 'Mag', 'condimentum id luctus nec molestie sed justo pellentesque viverra pede ac diam cras pellentesque volutpat dui maecenas tristique est et tempus semper est quam pharetra magna', '2022-10-25', 223);
insert into store_review (id, name, description, date, product_id) values (224, 'Grantley', 'rhoncus aliquam lacus morbi quis tortor id nulla ultrices aliquet maecenas leo odio condimentum id luctus nec molestie sed justo', '2021-11-30', 224);
insert into store_review (id, name, description, date, product_id) values (225, 'Ferdinand', 'odio justo sollicitudin ut suscipit a feugiat et eros vestibulum ac est lacinia nisi venenatis tristique fusce congue diam id ornare', '2022-03-11', 225);
insert into store_review (id, name, description, date, product_id) values (226, 'Violette', 'velit vivamus vel nulla eget eros elementum pellentesque quisque porta volutpat erat quisque erat eros viverra eget congue eget semper rutrum nulla nunc purus phasellus in felis donec semper sapien', '2022-08-27', 226);
insert into store_review (id, name, description, date, product_id) values (227, 'Towny', 'dui nec nisi volutpat eleifend donec ut dolor morbi vel lectus in quam fringilla rhoncus mauris enim leo rhoncus sed vestibulum sit amet cursus id turpis', '2022-05-14', 227);
insert into store_review (id, name, description, date, product_id) values (228, 'Douglas', 'eget orci vehicula condimentum curabitur in libero ut massa volutpat convallis morbi odio odio elementum eu interdum eu tincidunt', '2021-12-17', 228);
insert into store_review (id, name, description, date, product_id) values (229, 'Shandee', 'vestibulum sagittis sapien cum sociis natoque penatibus et magnis dis parturient montes nascetur ridiculus mus etiam vel augue vestibulum rutrum rutrum neque', '2022-10-12', 229);
insert into store_review (id, name, description, date, product_id) values (230, 'Theo', 'hendrerit at vulputate vitae nisl aenean lectus pellentesque eget nunc donec quis orci eget orci vehicula condimentum curabitur in libero ut massa volutpat convallis morbi odio odio elementum eu interdum', '2022-07-08', 230);
insert into store_review (id, name, description, date, product_id) values (231, 'Gayler', 'dictumst aliquam augue quam sollicitudin vitae consectetuer eget rutrum at lorem integer tincidunt ante vel ipsum praesent blandit lacinia erat vestibulum sed magna at nunc commodo placerat praesent blandit', '2022-09-04', 231);
insert into store_review (id, name, description, date, product_id) values (232, 'Gage', 'sapien in sapien iaculis congue vivamus metus arcu adipiscing molestie hendrerit at vulputate', '2022-03-17', 232);
insert into store_review (id, name, description, date, product_id) values (233, 'Emilie', 'turpis eget elit sodales scelerisque mauris sit amet eros suspendisse accumsan tortor quis turpis sed ante vivamus tortor duis mattis egestas metus aenean', '2021-11-24', 233);
insert into store_review (id, name, description, date, product_id) values (234, 'Selena', 'amet nunc viverra dapibus nulla suscipit ligula in lacus curabitur at ipsum ac tellus semper interdum', '2022-11-04', 234);
insert into store_review (id, name, description, date, product_id) values (235, 'Marie-ann', 'ut suscipit a feugiat et eros vestibulum ac est lacinia nisi venenatis tristique fusce congue diam id ornare imperdiet sapien urna pretium nisl ut volutpat sapien arcu', '2021-12-03', 235);
insert into store_review (id, name, description, date, product_id) values (236, 'Janeta', 'praesent id massa id nisl venenatis lacinia aenean sit amet justo morbi ut odio cras mi pede malesuada in imperdiet et commodo vulputate justo in', '2022-05-07', 236);
insert into store_review (id, name, description, date, product_id) values (237, 'Wyatt', 'lacus curabitur at ipsum ac tellus semper interdum mauris ullamcorper purus sit amet nulla quisque arcu libero rutrum ac lobortis vel dapibus at diam', '2022-07-18', 237);
insert into store_review (id, name, description, date, product_id) values (238, 'Sue', 'consequat ut nulla sed accumsan felis ut at dolor quis odio consequat varius integer ac leo pellentesque', '2022-08-16', 238);
insert into store_review (id, name, description, date, product_id) values (239, 'Hoyt', 'ut nulla sed accumsan felis ut at dolor quis odio consequat varius integer ac leo pellentesque ultrices mattis odio donec vitae nisi', '2022-06-03', 239);
insert into store_review (id, name, description, date, product_id) values (240, 'Jethro', 'nonummy integer non velit donec diam neque vestibulum eget vulputate ut ultrices vel augue vestibulum ante ipsum primis in faucibus orci luctus et ultrices posuere cubilia curae', '2022-01-02', 240);
insert into store_review (id, name, description, date, product_id) values (241, 'Mei', 'ante ipsum primis in faucibus orci luctus et ultrices posuere cubilia curae donec pharetra magna vestibulum aliquet ultrices erat', '2022-04-14', 241);
insert into store_review (id, name, description, date, product_id) values (242, 'Goldie', 'in faucibus orci luctus et ultrices posuere cubilia curae donec pharetra magna vestibulum aliquet ultrices erat tortor sollicitudin mi sit', '2022-03-29', 242);
insert into store_review (id, name, description, date, product_id) values (243, 'Eden', 'sit amet justo morbi ut odio cras mi pede malesuada in imperdiet et', '2022-08-23', 243);
insert into store_review (id, name, description, date, product_id) values (244, 'Colver', 'gravida sem praesent id massa id nisl venenatis lacinia aenean sit amet justo morbi ut odio cras mi pede malesuada in imperdiet et commodo vulputate justo in blandit ultrices enim', '2021-12-19', 244);
insert into store_review (id, name, description, date, product_id) values (245, 'Charmine', 'cursus urna ut tellus nulla ut erat id mauris vulputate elementum nullam varius nulla facilisi cras non velit nec nisi vulputate nonummy maecenas', '2021-12-23', 245);
insert into store_review (id, name, description, date, product_id) values (246, 'Thedrick', 'est phasellus sit amet erat nulla tempus vivamus in felis eu sapien cursus vestibulum proin eu mi nulla ac enim in tempor turpis nec euismod scelerisque quam', '2022-02-21', 246);
insert into store_review (id, name, description, date, product_id) values (247, 'Arlan', 'ultrices aliquet maecenas leo odio condimentum id luctus nec molestie sed justo pellentesque viverra pede ac diam cras pellentesque volutpat', '2022-08-25', 247);
insert into store_review (id, name, description, date, product_id) values (248, 'Latisha', 'parturient montes nascetur ridiculus mus vivamus vestibulum sagittis sapien cum sociis', '2022-09-16', 248);
insert into store_review (id, name, description, date, product_id) values (249, 'Martita', 'elit ac nulla sed vel enim sit amet nunc viverra dapibus nulla suscipit ligula in lacus curabitur at ipsum ac', '2022-09-07', 249);
insert into store_review (id, name, description, date, product_id) values (250, 'Ertha', 'suspendisse potenti in eleifend quam a odio in hac habitasse platea dictumst maecenas ut massa quis augue luctus tincidunt nulla mollis molestie lorem quisque ut erat', '2022-09-25', 250);


